fish,물고기|어류|생선|고기잡이하다|어업의
port,항만|항구|포트|...항
boat,배|보트
beach,해변|바닷가|해수욕장|백사장|호숫가
warship,군함|전함
shellfish,조개|갑각강의 동물|거북복
turtle,거북|자라
island,도|섬|아일랜드
ocean,바다|해양|대양
dolphin,돌고래
whale,고래|즐거운|열심인
shrimp,작은 새우|작은 새우를 잡다|작은 새우로 만든
lobster,바닷가재|랍스터|얼굴이 붉은 사람
railroad,철도
cabin,객실|오두막
forest,숲|산림|삼림
Give me a break!,
I see.,
that’s why!,
get in touch with,
a lot of,
keep your chin up,
lake,호수|연못
be absent from,
tone deaf,
school time,
head down,
have~ in common,
satisfy with,
be nervous about,
just a little,"살짝, 조금만"
stay in touch,"계속 연락하고 지내다, 소식을 주고받다"
seem like,…처럼 보이다.
wedding preparation,결혼 준비
lose weight,몸무게를 줄이다
have a headache,두통이 있다
worry about,…에 대한 걱정. 
make an appointment,"임명하다, 만날 약속을 하다"
seem to,…할 모양이다
have a pain in,아프다
in deep thought,[깊은] 생각에 잠겨. 
tug of war,줄다리기|세력 싸움|쟁탈전
golf,골프
volleyball,배구
marathon,마라톤
football,축구|미식 축구|풋볼
soccer,축구|사커
basketball,농구
baseball,야구|베이스볼
law maker,국회의원
election,선거|투표|당선|선정|선택
stomachache,복통|배가 아프다|배탈
headache,두통|골칫거리|두통거리
toothache,치통
oyster,굴|과묵한 사람
eagle,독수리|이글
flexible,유연한|신축성 있는|융통성 있는|탄력적인|적응성 있는
be on sick leave,"병가 중이다, 병으로 결근하다"
for a while,"잠깐, 잠시 동안 "
take a message,메시지를 남기다
sign the contract,계약서에 서명하다
get paid,돈을 지불 받다
make up on-e’s mind,"결심하다, 결단을 내리다 "
get worked up about,속상해하다
do on-e’s best,전력[최선]을 다하다 
for a minute,"잠시, 잠깐"
working conditions,노동[근무] 조건. 
have a fight,싸움을 하다
familiar with,…을 잘 알고 있는
You can say,…라고 해도 좋다
be swamped with,"정신 못차리다, 압도 당하다, 꼼짝달싹 못하다"
learn about,…에 대해 배우다. 
be able to,국제 결혼
international marriage,국제 결혼
think the same way,같은 생각이다
talk a person into,…을 설득하여 …시키다[…을 단념시키다] 
be different from,…와 다르다
blow on-e’s nose,코를 풀다 
make a sound,소리를 내다
read a newspaper,신문을 읽다
on the internet,인터넷 상에서
plan to,~할 계획하다
camera-shy,사진 찍히기 싫어하는  
fat­-free milk,무지방 우유
a bowl of rice,
a piece of fruit,
perfectist,완벽주의자
all day,"종일의, 하루 종일 걸리는"
at that time,그때는
be busy with,"~으로 바쁘다, ~에 발목잡히다"
based on,"…을 바탕으로,…을 근거하여"
be worthy of,~할만 하다
be capable of,"~이 가능하다, ~할 수 있다."
capitalize on,"~을 이용하다, 틈타다."
consist of,…으로 구성되다. 
contribute to,"~에 기부하다, 기여하다; ~의 원인이 되다."
cost-effective,"비용효과적인, 비용효율이 높은"
take a look at,"~을 보다, 관찰하다."
take a picture,사진을 찍다
all at on-ce,"갑자기, 다 한꺼번에"
write to,…에게[편지 등을] 쓰다
shake hands,"악수, 악수하다[with ‥]"
all day,"종일의, 하루 종일 걸리는"
in fact,"사실상, 사실은,사실에 있어서"
lots of,많은
be interested in,…흥미를 갖고 있다
worry about,…에 대한 걱정
a leave of absence,
Individually,"개인으로, 개별적으로"
call,부르다|라는|전화하다|말하다|요구하다
president,대통령|사장|회장|총장|위원장
ancient,고대의|오래된|옛날의
aim,목표|목적|겨냥하다|노리다|조준하다
propose,제안하다|제시하다|제의하다|청혼하다|신청하다
cheer up,cause to feel happier or more cheerful
think about,"have on one's mind, think about actively"
be born,come into existence through birth
look like,bear a physical resemblance to
care for,"have a liking, fondness, or taste"
yell at,…에게 호통치다
How are you?,안녕하십니까?
Long time no see.,[구어] 오랜만입니다.
called,[서술형용사] [이름이] …라고 불리는
in the hospital,영 입원[퇴원]하여
How often … ?,"몇 차례나, 몇 번이나"
go well,"잘 가, 안녕히 가세요. [작별의 말]"
drive a person nuts,"…을 신경질나게 하다, 미칠 지경이 되게 하다"
be tolerant of,"…을 견뎌 내다, …을 관용하다"
be full of,"…에 몰두하고 있다; …투성이다, …이 많다, 가득 차다"
be aware of,"…을 알아채다, …을 알다"
excuse me,실례합니다|잠깐만요|죄송합니다|저기요|여보세요
here,여기|이곳|이쪽|저기
designer,디자이너|설계자
different,다른|여러 가지의|종류|별개의|독특한
funny,재미있는|웃기는|이상한|농담조의|유쾌한
spot,장소|발견하다|점|관광지|위
prescription,처방
break out,발생하다|일어나다|벗어나다|탈출하다|탈옥하다
release,발표하다|개봉하다|발매하다|공개하다|출시하다
catch a cold,"=take a cold 감기 들다, 감기 걸리다"
had better+동사원형,‘~하는 편이 낫다.’라는 표현입니다.
I will be seeing you.,"또 만나요, 다음에 봐요."
a little,
It’s up to you,당신에게 달려 있습니다. 
next week,다음 주
Why don’t you+동사원형,‘~하지 그래요?’라는 제안의 표현입니다.
thanks for,~에 대해 감사하다. 고마워하다.
knowledge,지식|아는 것|인지|학식
popular,인기 있는|대중의|유명한|국민의
circle,원|서클|돌다|그룹|사회
usage,사용|활용|실태|용법|양상
useful,유용한|쓸모 있는|도움이 되는|유익한|실용적인
conditional,조건부의
honor,명예|영광|경의|수여하다|지키다
carry out,수행하다|이행하다|실시하다|실행하다|실천하다
particularly,특히|특별하게
indication,표시|가리키는|징후
casualty,사상자|희생자|피해자|부상자
rewarding,가치가 있는|보람이 있는|보람있는
allocate,할당하다|배분하다|책정하다
redeem,구하다|상환하다|만회하다|보상|교환
religious,종교의|신앙의|독실한
rapid,급속한|빠른|신속한|급격한|가파른
rainy,비가 오는
precious,소중한|귀중한|중요한|귀여운
polite,예의 바른|공손한|정중한
peaceful,평화적인|평화로운|편안한
other,다른|기타의|타인|나머지의|반면에
noble,고귀한|귀족의|값비싼|기품
native,원주민의|태생의|토착의|토박이의|고유한
main,주된|주요한|중심적인|메인|주로 쓰이는
low,낮은|저|최저의|적은|떨어지는
flat,납작한|평면|아파트|변동 없는|시시한
fair,공정한|공평한|박람회|전시회|페어의
extreme,극단적인|극심한|극도의|지나친|과격한
excited,흥분한|신이 난|들뜨다|흥미로운|기대하는
empty,빈|비우다|없는|공허한|무의미한
direct,직접의|감독하다|연출하다|지시하다
safe,안전한|무사한|금고|세이프의|신중한
dangerous,위험한
vegetable,야채|식물
vase,꽃병|항아리
universe,우주|세계
type,유형|종류|양식|타입|타자
triumph,승리|이기다|성공|업적|수상
trick,속이다|묘기|재주|요령|장난
spirit,정신|영혼|사람|유령|마음
spade,스페이드|삽
solution,해결책|방안|용액|해법|솔루션
snake,뱀|독사|스네이크|구렁이|구불구불
slave,노예 제도의|노예|혹사당하다
situation,상황|사태|상태|경우|입장
site,사이트|현장|유적지|장소|부지
silk,실크|비단
purpose,목적|목표|의도|용도|명분
pumpkin,호박
pulse,맥박|파동
pronunciation,발음
problem,문제|과제|고민|의문|골칫거리
pressure,압력|압박|부담|스트레스|기압
praise,칭찬하다|찬사|높이 평가하다|칭송하다|자찬
position,위치|입장|지위|자리|자세
magazine,잡지|지|매거진|무기고
log,접속하다|벌채하다|통나무|기록하다
lock,잠그다|갇히다|고정시키다|자물쇠|닫다
load,무게|로딩|싣다|장전하다|짐
limit,제한|한계|한정하다|한도|범위
license,면허|허가|자격증|번호판|라이센스
liberty,자유|리버티|해방|멋대로
leaf,잎|나뭇잎|리프|잎사귀
lamb,새끼양|램|양고기|어린 양
horizon,지평선|수평선
fence,울타리|담|펜싱|펜스|막다
feather,깃털|가벼운 것
fault,고장|잘못|결점|사고|단층
express,표현하다|나타내다|고속의|발표하다|급행
exit,출구|나가다|퇴출되다|종료하다
evil,사악한|악|나쁜|악마|해악
error,오차|오류|실수|에러|잘못
envelope,봉투
enemy,적|적군|원수|적국|적대자
duck,오리|덕|요강|회피하다
drum,드럼|북
bottom,바닥|아래|밑바닥|하위|최하의
bottle,병|병에 담다|술|용기|술병
bone,뼈|골격|유골
blood,혈액|피|혈통|혈연|유혈
blanket,담요|뒤덮다|전면적인|흥을 깨는|층(層)
birth,탄생|출생|태어남|출산|낳다
bike,자전거|오토바이
bee,벌
beauty,아름다움|미용의|미인|미|미녀
beast,비스트|야수|짐승|동물|괴물같은
bat,박쥐|배트|방망이|치다|타석
base,기반|기초|위치하다|…로 만든|기지
instead,대신에|보다|하지만|아닌|그렇기는커녕
if,…라면|만약|만일
ever,지금까지|이전에|항상|영원히|결코
even,평평해지다|균등해지다|백중해지다|같은
else,다른|더|아니면|그 밖에
during,…동안|…중에도|…사이에
below,아래에|…이하의|영하의
single,하나의|단일의|각각의|싱글|독신의
similar,비슷한|유사한|같은|흡사한|마찬가지
silent,침묵의|조용한|무성의|말 없는|고요한
shy,수줍은|부끄러운|꺼리는|내성적인|모자라는
short,짧은|단기의|단편|간단한|단거리
several,몇|여러|수|많은|일부
same,같은|똑같은|동일한|마찬가지로|다르지 않은
rude,무례한|거친
quick,빠른|빨리|신속한|급한|민첩한
private,민간의|개인의|사립의|사적인|사설의
perfect,완벽한|완전한|최적의|퍼펙트|이상적인
honest,정직한|솔직한|정당한|성실한
golden,황금의|골든|가장 좋은|절호의
giant,거대한|자이언트|거인|위대한
few,몇몇의|거의 없는|소수의|소수의 사람|약간의
dark,어두운|암흑|어둠|모르다|지다
correct,정확한|수정하다|맞다|올바른|옳은
cool,냉각|멋진|시원한|식히다|좋다
common,흔한|공통의|일반적인|공동의|흔히 볼 수 있는
comfortable,편안한|편한|편안함을 주는|쾌적한|안락한
uniform,유니폼|똑같은|일제히
truth,진실|사실|진리|진상|진심
trust,신뢰|믿음|신탁|기업합동|신용
trouble,문제|곤란|어려움|고통|말썽
tradition,전통|관습|전해지는
science,과학|사이언스|학문
refrigerator,냉장고|냉동기
race,경주|인종|경쟁|경기|선거전
progress,발전|진전|진보|진행|과정
lesson,교훈|수업|가르치다|단원
law,법|법칙|법률|법안|규정
kindness,친절|호의
kindergarten,유치원
justice,정의|사법|재판|판사|공정
junior,주니어|후배|3학년인|청소년|하급의
heaven,천국|하늘
freedom,자유|석방
form,형태|형성하다|형식|만들다|종류
fox,여우|폭스|매력적인
foreigner,외국인|관광객 |이방인|국외자|외인
floor,바닥|의원|층|마루|발언권
feeling,느낌|감정|기분|마음|감각
engineer,엔지니어|기술자|공학자|운영하다|공병
difference,차이|변화|다른점|차액|구별
culture,문화|배양|문명
crowd,군중|붐비다|관객|많음|혼잡
cost,비용|들다|가격|얼마이다|경비
clothes,옷|의복|의상|세탁물|옷가지
choice,선택|결정|선정|종류
chief,장관|최고의|추장|국장|주요한
century,세기|100년
butterfly,나비|접영|두근거리는|인간관계가 좋은 사람
bridge,교량|다리|브리지|육교|메우다
brain,뇌|두뇌|머리|브레인
bit,조금|약간
bar,바|술집|막대|판매대
each other,서로|상호
modesty,겸손|정숙함|소박함
moment,순간|지금|때|잠깐|기회
for a moment,잠깐 동안|당장 그때만|잠시 동안
for example,예를 들면|한 예|가령|예컨대
recruit,채용하다|모집하다|선발하다|신입사원|신병
fare,요금|운임|실적을 내다|상연물
entitle,자격을 주다|제목을 붙이다
factory,공장|제조소|회사|팩토리
busy,바쁜|분주한|붐비다|통화 중인
view,보기|견해|관점|전망|간주하다
due,예정인|정당한|때문에|인해|세금
receive,받다|얻다|수상하다|접수하다|당하다
capital,자본|수도|자금|자산|대문자
delivery,분만|배달|배송|운송|인도
earning,얻다|소득|벌다
display,디스플레이|(작품을) 전시하다|보여주다|표현하다|화면
present,현재의|제시하다|선물하다|보여주다|발표하다
consent,동의하다|승낙하다|이구동성으로
insurance,보험|보험금
hold out,견디다|지탱되다|유지되다
grow up,자라나다|성장|유년기를 보내다|어른이 되다|크다
in short,요컨대|간단히 말해|요약하면
all around,다재다능한|전반에 걸친|전면적인
after school,방과 후의|방과 후
no longer,더 이상 …이 아닌|이미 …아니다|더 이상…않다
on foot,걸어서|도보로|착수되어
well,잘|흠|충분히|우물|나은
without,…없이|…하지 않고
whole,전체|모든|전|완전히|전부
stand for,…을 나타내다|상징하다|대표하다
judge,판사|판단하다|평가하다|판결하다|심사하다
unfair,불공정한|부당한|불공평한|억울한
unexpected,예기치 않은
unemployment,실업
undertaking,사업|맡은|실시
take out,…을 꺼내다|인출하다|내가다
take care of,돌보다|관리|책임|신경쓰다|처리
take off,벗기다|이륙하다|시작하다|풀다|지우다
summary,요약|개괄|약식|성명
suggest,제안하다|시사하다|제시하다|암시하다|제의하다
suddenly,갑자기|순식간에
such,…같은|그러한|이러한|매우|그렇게
success,성공|성공한 사람|성과|달성|대히트
soon,곧|빨리|조만간|바로|금방
some,일부|몇|어떤|…중에는|약간
solve,해결하다|풀다|해소하다|처리하다|밝히다
slightly,약간|조금|가볍게
skill,기술|실력|기능|솜씨
singly,단독으로|하나씩|홀로
return,돌아오다|복귀하다|돌아가다|귀국|반환하다
retire,은퇴하다|퇴직하다|퇴역시키다|퇴임하다|물러나다
retail,소매|유통|판매|마트|매장
resume,재개하다|다시 시작하다|이력서|경력|되찾다
result,결국|결과|성과|효과|초래한다
restrict,제한하다|규제|금지하다|제약|통제
restrain,제한하다|자제하다|검거하다|금지하다|압박하다
reject,거부하다|거절하다|기각하다|받아들이지 않다|부인하다
region,지역|지방|지대
regard,관련되다|보다|간주하다|생각하다|여기다
refuse,거부하다|거절하다|쓰레기|사절하다
refresh,신선한|상쾌하게 하다|새로운|시원한| 되살리다
reach,도달하다|이르다|손을 뻗다|닿다|이루다
rather,…보다는|오히려|…대신|차라리|다소
rate,속도|비율|평가되다|요금|가격
raise,올리다|인상|높이다|제기하다|기르다
rail,철도|레일|난간|철로
quote,인용하다|전하다|발언|문구
permissible,허용되는|무방한|소지가 허가된
permanently,영구적으로|영원히|상시
periodical,정기 간행물|잡지|정기의
perform,공연하다|수행하다|연주하다|연기하다|노래하다
pension,연금|퇴직금|연기금|자산|펜션
penalty,처벌|벌금|페널티|불이익
overestimate,…을 과대평가하다|과대평가|…을 지나치게 많이 견적하다
pending,현안의|계류중인|미결|남아있는|당면한
patent,특허|보호|의장
participant,참가자|참여자|관계자|참석자|사람들
pace,속도|페이스|보조를 맞추다
overtime,초과 근무|시간 외의|잔업|연장전
oversee,감독하다|두루 살피다|감시하다
overload,과부하|…에 너무 짐을 많이 싣다|초과 적재
overcome,극복하다|이겨내다|해결|넘는|회복
loss,손실|잃음|감소|패배|사고
lightly,가볍게|살짝|쉽게|경솔히|들떠서
lift,들어 올리다|해제하다|엘리베이터|양력|향상시키다
liberally,자유롭게|관대하게|아낌없이
lessen,줄이다|완화하다|감소하다
lean,기대다|기울어지다|숙이다|성향|살코기
lax,느슨한|태만한|로스엔젤레스 공항
lack,부족|…이 없다|결핍|부재|모자라다
issue,문제|쟁점|이슈|사안|발행하다
irregular,불규칙의|비정상적인|비정규의|불안정
investigate,조사하다|수사하다|살피다
interest,관심|이자|이해관계
indicate,나타내다|가리키다|표시하다|지적하다|암시하다
identical,똑같은|동일한|일란성의|닮은
impress,인상|감명을 주다|감동시키다
important,중요한|중대한|소중한|주요한
import,수입하다|들여오다|중요하다
immediate,즉각적인|즉시|당장|시급한|직접적인
illustrate,설명하다|삽화를 넣다|예시하다
illiterate,문맹
unlawful,법에 어긋나는|적출이 아닌|불법적인
illegal,불법적인|위법인|법으로 금지된
horizontal,수평의|가로의|바로 누운
identify,확인하다|밝히다|알아보다|식별하다|찾아보다
friction,마찰|불화
freely,아낌없이|자유롭게|기꺼이
frequent,잦은|자주|빈번한|흔한|종종
fraud,사기|분식|부정|조작|위조
fragment,파편|분열하다|무리
fragile,취약한|깨지기 쉬운|부진한|쉽게 영향을 받는
foundation,재단|기반|창립|토대|파운데이션
forward,앞으로|전진하는|발전한|포워드|진보적인
forum,포럼|회의|토론회|회담|총회
formula,공식|방식|포뮬러 1|유동식|처방
former,전임의|과거의|전의|전자의
entrance,입구|입학|들어가기|현관
entire,전체의|내내|완전한|전반적인
enthusiasm,열정|열광|열망
enter,들어가다|입장하다|입력하다|참가하다|훈련시키다
enhance,향상하다|강화하다|증진|개선시키다|높이다
enforce,시행하다|…을 강요하다|집행하다|강력히 주장하다|금지하다
endorse,지지하다|통과시키다|광고하다|보증하다|지원
defect,결함|장애|탈주|이탈
dramatic,극적인|급격한|인상적인|드라마틱한|연극의
drain,배수하다|유출하다|소비하다|허사가 되다|마시다
domesticate,길들이다|재배할 수 있도록 하다|가정에 정들게 하다
dominant,지배적인|우세한|주도|우성|대부분
donation,기부|기증|헌혈|모금|성금
donor,기증자|증여자|제공자
double,2배의|두 배의|더블의|2중의|갑절
divide,나누다|분할하다|분열시키다|가르다|분리하다
diversify,…을 다양화하다|다각화하다|여러 가지로 변화시키다
diverse,다양한|다른|광범위한|여러 가지의|각계 각층의
distribute,나눠주다|배포하다|분배하다|공급하다|공유하다
distract,주의를 빼앗다|관심이 멀어지다|산만하게 하다|초점을 흐리다
right,권리|인권|옳은|맞는|바로
diagnose,진단하다|규명하다|원인을 규명하다
devise,마련하다|고안하다|계획|방법|대책
device,장치|기기|기구|고안|폭발물
develop,개발하다|발전하다|만들다|성장하다|발달하다
determined,결정된|결심한|생각|결의|의지
detergent,세제
deter,단념시키다|방해하다|저지하다
locate,위치하다|찾아내다|위치를 찾다|자리잡고 있다|발견하다
detect,찾아내다|감지하다|발견하다|검출하다|진단
destination,목적지|관광지|여행지|장소|목표
designed,계획적인|고의의|도형을 뜬
expensive,비싼|돈이 많이 드는|고가의|많은 비용|사치스러운
steep,가파른|급격한|경사|극단적인
pricey,값비싼
costly,값이 비싼|사치스러운|값비싼
corruption,부패|비리|부정|타락
correspondent,특파원|기자|일치하는
correspond,해당하다|일치하다|교신하다
correlate,상관물|서로 관련시키다|상관관계를 입증하다
core,핵심|코어|중요한|근원|핵
cooperate,협력하다|협조하다|협동하다
convoy,호송하다|호위대|호위함
convince,설득하다|확신시키다|납득시키다
carry,휴대하다|싣다|갖다|옮기다|운반하다
convey,전달하다|전하다|나타내다|의미하다
convert,전환하다|바꾸다|개조하다|개종하다|득점하다
conversion,전환|변화|환산|융합
convergence,집중성|한점에의 집합|집합함
conventional,전통적인|틀에 박힌|관습의
convention,협약|대회|컨벤션|회의|관습
convenience,편의|편리|편한|편익|용이함
contract,계약서|계약|맺다|수축하다|걸리다
continually,계속해서|지속적으로|끊임없이|자꾸
contest,대회|콘테스트|경쟁하다|선거
content,콘텐츠|내용|함유량|만족하는|목차
contain,함유하다|포함하다|담다|들어있다|담고 있다
consumption,소비량|소비|폐결핵
contact,접촉|연락|콘택트 렌즈|교제|시선을 마주치다
connection,연결|관계|관련|접속|연줄
considerable,상당한|꽤
consider,고려하다|생각한다|여기다|평가되다|간주하다
consequence,결과|영향|중요성|성과|대가
conquest,정복|승리|점령
conform,일치하다|따르다
conflict,갈등|분쟁|대립|전쟁
casual,캐주얼의|편한|평상복의|우연한|아무렇지 않은
case,경우|환자|사건|소송|상황
captive,감금된|포로|어쩔 수 없는
candidate,후보자|지원자|수험생
barter,교환|흥정|거래|팔다
barely,거의 …않다|겨우|간신히
bankruptcy,파산|부도
prohibit,금지하다|막다|통제하다|방해하다
forbid,금지하다|용납하지 않다|어렵게하다
ban,금지|못하다|규제|반대|금하다
banner,현수막|배너|기치|대표
balance,균형|조화|잔고|안정
awfully,아주|상당히|너무
award,상|수여하다|어워드|상금
avalanche,사태|눈사태
available,이용할 수 있는|이용 가능한|시간이 있는|유효한|유용한
automate,자동화하다|오토메이션화하다|오토메이션 기술을 사용하다
authorization,위임|허가|권한 부여
authority,당국|권한|권위자|권위|권력
authentic,진정한|진짜의|실제의|믿을 만한
audit,감사|단속|청강|세무조사
auction,경매|…을 경매하다|…을 경매에 부치다
attractive,매력적인|매혹적인
attorney,변호사| 지방 검사|법무장관| 위임장|법정대리인
attentive,주의 깊은|세심한|친절한
attention,관심|주의력|주의|주목|집중
attendee,참석자|출석자
attendant,승무원|종업원|참석자|수행원
attendance,관객|참석|출석|돌봄
instruction,교육|지시|방법|설명|교본
enclose,에워싸다|둘러싸다|동봉하다|첨부하다
attach,부착하다|붙이다|연결|달다|첨부하다
approach,접근하다|방법|접근법|다가오다|도달하다
appreciate,감사하다|고마워하다|오르다|이해하다|감상하다
designate,지정하다|지명하다|선정하다
nominate,지명하다|후보에 오르다|추천하다|임명하다
appoint,임명하다|지명하다|지정하다
apply,적용하다|지원하다|신청하다|응용하다|쓰다
amnesty,대사|특사|…에게 대사를 내리다
adversity,역경|재난|불운
advise,권하다|조언하다|알리다|…하는 게 좋다|상담하다
advent,출현|도래|등장|일어남|대림절
alive,살아 있는|계속하여|생기에 넘치는|생생한|이 세상의
alert,경계|주의하다|알림|집중하다|기민한
agreement,협정|합의|계약|동의|조화
agenda,의제|과제|안건|아젠다|정책
affect,영향을 주다|작용하다|감염시키다|…체하다
advantage,이점|우위|유리|이익|혜택
accumulation,축적|누적|축적물
accurately,정확하게|그대로
admission,입학|입원|인정|입장|승인
adjourn,휴회하다|회의를 연기하다
adjust,조정되다|적응하다|감안하다|조절하다|맞추다
adhere,고수하다|들러붙다|달라붙다
address,주소|해결하다|연설하다|이야기하다|부르다
addition,추가|덧셈|증축|등재
acquire,얻다|인수하다|배우다|갖다|구입하다
adapt,적응하다|변화|적용|각색하다|바꾸다
advisable,타당한|현명한|권할 만한
at the same time,동시에|하면서|같은 시간|역시|한번에
meanwhile,"the time between one event, process, or period and another"
tension,긴장|팽팽함|갈등|불안
further,더|더 나아가|더 멀리|그 이상의|게다가
refrain,자제하다|삼가다|후렴
stress,스트레스|강조하다|압박|중점을 두다
ease,완화하다|쉬움|덜어주다|진정시키다|풀다
declare,선언하다|말하다|주장|선고하다|신고하다
forecast,예상|전망하다|예보|내다보다
prevent,막다|방지하다|예방하다|못하게 하다|금지하다
severe,심각한|무거운|크게|가차없는|엄격한
order,명령하다|질서|주문하다|순서|제도
emergency,응급|비상|긴급한|위기|급변
sweep,휩쓸다|청소하다|압승하다|조사하다
freeze,동결|냉동하다|얼다|멈추다|굳히다
respective,각각의|각자의|…에 따라|저마다의|존경스러운
disguise,위장|변장|가장하다|숨기다|사칭
counter,대응|대책|카운터|반대의|역행
outline,윤곽|개요|…의 윤곽을 그리다
remain,남다|머무르다|잔존하다|살아남다|체류하다
dialogue,대화
temporary,일시적인|비정규직|임시의|가설|한시
finance,재정|금융|자금|재무|재원
effort,노력|작업|활동
forth,앞으로|밖으로|이후
inflation,인플레이션|물가 인상|증가|부풀리기
stock,주식|증권|스톡|재고
expected,예상된|보인다|기대된|전망|예정
strategy,전략|방법|계획
agriculture,농업|축산
feature,특징|기능|출연하다|특집|얼굴
economic,경제의|경기의
export,수출|수출액|수출품
accomplishment,성취|업적|완성
social,사회의|소셜|사교적인|사회주의의|사귀는
political,정치의|정계의|정당의|정략의
attend,참석하다|다니다|주의하다|돌보다
familiar,익숙한|친숙한|잘 아는|낯익은
mimic,흉내내다|흉내쟁이|가짜의
stimulating,활기를 주는|자극을 주는|자극적인
gradually,점차적으로|점진적으로|서서히|점점
grow,성장하다|자라다|증가하다|크다|늘다
childhood,유아기|어린 시절|소아기|아동기|유년기
various,다양한|여러가지의|많은|얼룩덜룩한
found,발견했다|찾아냈다|알아냈다|만났다|설립하다
through,통하여|지나서|겪다|통과|사이로
opportunity,기회|찬스
share,공유하다|나누다|점유하다|주식|주가
poor,가난한|빈곤한|불쌍한|빈약한|부족한
deep,깊은|심|매우|딥|많다
riverside,강변|강기슭|리버사이드
valley,계곡|골짜기|유역
host,개최하다|주최하다|진행자|다수의|숙주
challenge,도전|문제|난제|이의를 제기하다|자극하다
along,함께|…을 따라|동안에|가지고|계속
needle,바늘|침|주사
thread,실|옷|가는 선|공통된 주제
permission,허가|허락|허용|승인|동의
impression,인상|생각|흉내
servant,공무원|서번트|하인|종|노예
secretary,장관|비서|차관|서기|간사
aide,측근|보좌관|참모|조력자|부관
assistant,조수|보조|비서|보좌의
director,관리자|감독
principal,교장|주된|원금|주요한
unbeliever,회의자|믿지 않는 사람|신앙 없는 사람
unknown,미지의|알려지지 않은|무명의|새로운|파악되지 않은
unplug,마개를 뽑다|…에서 전원을 끊다|장애물을 제거하다
pull,당기다|끌다|철수시키다|뽑다|빼다
plug,플러그|꽂다|막다|마개
hopeful,희망적인|기대하는|유망한|가망있는
skillful,능숙한|솜씨 있는|숙련된
authorship,저작업|원작자임|출처
citizenship,시민권|국적
scholarship,장학금|학문
ownership,소유권|지분|지배권
censorship,검열|언론 검열제도|검열관의 직위
existence,존재|현존|생존|생활|실체
unconscious,무의식의|의식을 잃은
censor,검열|통제|금지|감시|심의
daily,일상적인|매일의|데일리|날마다
journalist,기자|언론인|저널리스트
quotient,상|몫|할당
intelligence,지능|정보|지성|지적|첩보
hug,껴안다|포옹하다
physical,물리의|신체의|육체의|물질의|몸의
emotional,감정적인|감정의|감정에 호소하는
remote,원격의|먼|외딴|리모컨|희박한
community,사회|공동체|커뮤니티|군집|단체
avatar,아바타|분신|화신
shepherd,양치기|셰퍼드|목자
climax,절정|최고점|클라이맥스|극상
delay,지연시키다|연기하다|지체시키다|미루다|늦추다
complain,불평하다|호소하다|고발하다|투덜거리다
cart,카트|수레|마차
damage,손상|피해|손해|배상금|해치다
pair,한 쌍|한 벌|짝지어주다|2인조
hold,열다|보유하다|잡다|기다리다
leadership,리더십|지도력|대표|권력|선도
explosion,폭발|급증|혁신
nuclear,핵의|원자력|원전
submarine,잠수함
novelty,새로움|신기함
safety,안전|안정성|보호|보안
honesty,정직|솔직|양심|청렴결백
uncertainty,반신반의|불확실|확신이 없음
overcook,…을 지나치게 삶다
ambulance,구급차|앰뷸런스
pass,통과하다|지나가다|사망하다|패스|통하다
pepper,고추|후추|페퍼|피망|퍼붓다
bake,굽다
fried,튀긴|프라이|취한
misgiving,불안|의혹
worry,걱정하다|우려하다|염려|고민하다|불안
concern,우려|관한|걱정|문제|관심사
anxiety,불안|걱정|염려|근심|긴장
turnip,순무|무|유행에 뒤떨어진 대형 회중 시계
green pepper,피망|양고추
cucumber,오이|덩굴 식물 및 그 열매
spinach,시금치|그 잎|돈
lettuce,상추|쌈채소|레터스
eggplant,가지
onion,양파
mushroom,버섯|우후죽순격의
production,생산|제작|제품|프로덕션
cabbage,양배추
bang,굉음|두드리다|충격|훌륭히|값어치를 하는 물건
crash,충돌하다|추락하다|붕괴하다|폭락|무너짐
shatter,산산이 부서지다|파괴|분쇄하다|풍비박산
smash,부서지다|충돌하다|깨다|큰 성공|박살내다
hit,치다|히트를 치다|타격|달하다|부딪히다
typhoon,태풍|폭풍|제2차 세계 대전 당시 영국 폭격기 이름
batter,타자|공격하다|반죽
pan,팬|프라이팬|냄비
away,떨어져|멀리|당장|떠나|사라져
undergo,받다|겪다|진행하다|…을 견디다
soulful,감정이 깃들어 있는|감동적인|정열적인
flow,유동|흐름|몰입|유입|플로우
current,현재의|전류|현행의|지금의|해류
trio,삼중창|삼중창단|트리오
leather,가죽|피혁
wear,입다|착용하다|옷|닳다|쓰다
create,만들다|만들어 내다|창조하다|제작하다|형성하다
envy,부러워하다|질투하다|선망
green,녹색의|환경 친화적인|푸른|잔디|야채의
build,건축하다|만들다|짓다|개발하다|기르다
gorgeous,멋진|우아한|예쁜|화려한
fashionable,유행의|멋있는|패션 감각이 있는
stylish,유행의|멋진|유행에 맞는
shipyard,조선소
backyard,뒤뜰|세력 범위
courtyard,마당|안뜰
across,… 전역에서|가로질러서|걸쳐서|건너다|지름으로
greenfly,자주진딧물|열광적인 야구팬|진딧물
mayfly,하루살이|제물낚시 바늘
dragonfly,잠자리
firefly,반딧불|반딧불이|반디|개똥벌레
elegant,우아한|훌륭한
suitable,적합한|적절한|적당한|알맞은
wonderful,멋진|훌륭한|놀라운|좋은|아름다운
responsible,책임이 있는|담당의|원인이 되는|신뢰할 수 있는|역할을 하다
above,위에|이상인|하늘에|상기(上記)한
clip,동영상|클립|속도|집게|자르다
persuasion,설득|신앙
advertiser,광고자|광고인|광고주
refugee,난민|이탈자|망명자
immigration,이민|출입국 관리|이주
particular,특정한|특별한|특수한|특히 이|특이한
respectively,각각|각자|각기
widely,널리|가장|광범위하게|대부분
lately,최근에|요즘|근래|요새
agreeable,동의할 만한|쾌적한|상냥한|마음에 드는
probable,가능성|그럴듯한|확실한
truly,진정|정말|사실대로|진심으로|참으로
simply,단순히|간단히|그저|아주|전혀
closely,긴밀히|면밀하게|더|가까이|유심히
unlock,열다|잠기지 않은|밝히다
uncoil,풀다|풀리다|똬리를 풀다
unselfish,이타적인|무사한|이기적이 아닌
unjust,부당한
uncool,싫은|성가신|거친
uncomfortable,불편한|민감한|불쾌감을 주는
untouchable,불가촉 천민|손대어서는 안 되는|당할 수 없는
unusual,특이한|드문|특별한|이상한|독특한
unnatural,부자연스러운|비정상적인|극도로 잔혹한
unable,…할 수 없는|…하지 못하는|불가능한|무능한
unsatisfactory,불만족스러운|불충분한
contentment,만족|흡족해함
pleasure,즐거움|기쁨|쾌락|기쁘다|반갑다
satisfying,만족시키는|충분한|납득이 가는
wooden,목제의|나무의|나무로 만든
early,초기|초|일찍|이른|어린
spacious,넓은|널찍한|공간이 넓은
veranda,a porch along the outside of a building
footwork,풋워크|발놀림|교묘한 처리
southeast,동남|남동|남동부
flowerpot,화분
playground,놀이터|운동장
homeroom,홈룸|홈룸 시간
grandparent,조부모
trip,여행|방문하다|출장|이동|활동
country,나라|국가|지역|조국|분야
backpack,배낭|등짐|배낭을 지고 걷다
server,서버|종업원|직원|근무자|봉사자
clerk,직원|사무원|점원|서기|은행원
professor,교수|박사|선생
committee,위원회
chairperson,사회자|회장|의장
cram,밀어 넣다
institute,연구소|협회|대학교|전문교육기관|시행하다
nation,국가|나라|국민|민족
among,…중에|대한|…사이에|가운데|상호간에
academy,아카데미|학술원|학교|학원|아카데미상
cereal,시리얼|곡물
turkey,칠면조|튀르키예
expect,예상하다|기대하다|생각하다|바라다|기다리다
lightning,번개|벼락|전율
recognize,인정하다|인식하다|알다|알아보다|깨닫다
already,이미|벌써|지금까지|충분히|이전에
officially,공식으로|정식으로|본격적으로|공인|공무상
include,포함하다|포괄하다|함유하다
lasting,지속되는|영구적인|내구력이 있는|오랜|영원한
enduring,지속하는|인내|영속적인|참을성있는|변함없는
permanent,영구적인|상설의|정규직의|영원한|불변의
eternal,영원한|무한한|불변의|불멸의|천추의
everlasting,영원한|끝없는|끊임없는
ageless,영원한|언제나 젊은|불로의
endless,끝없는|무한한|많은|장황한
unchanged,불변의|변하지 않은|원래대로의
timeless,시간을 초월한|시대를 초월한|영원한
cafeteria,구내 식당|카페테리아
shall,…할까요|…해야 하다|…일 것이다|…해주어야겠다|…시키겠다
coat,코트|칠하다|도금|외피|외투
helmet,헬멧|…에 헬멧을 씌우다|안전모|투구|마스크
mask,마스크|가면|감추다|안대
glove,장갑|글러브
ant,개미
spider,거미
job,일|직업|직무|일자리|수술
certainly,분명히|확실히|물론이지|정말로|절대적으로
meteorologist,a specialist who studies processes in the earth's atmosphere that cause weather conditions
humanist,인문주의자|인도주의자|인본주의
biologist,생물학자
psychologist,심리학자|정신과 의사
perfectionist,완벽주의자
tourist,관광객|관광의
artist,예술가|아티스트|화가|미술가|작가
participate,참여하다|참가하다|참석하다|출전하다|동참하다
abroad,해외에|외국에|널리
dentist,치과의사
savor,맛|풍미|맛이 나다
taste,맛|맛보다|취향|미각
pedestrian,보행의|도보의|평범한
colleague,동료
companion,동반자|친구|동료|벗|반려
distinction,구별|차이|차별|영예
beginner,초보자|초심자
shipwreck,난파하다|난파|난파선
archipelago,다도해|군도|에게 해
dugong,듀공
seabed,해저
shore,해안|강화하다|육지|기슭
coast,해안|연안|해변
proud,자랑스러운|자신감이 강한|자부심이 강한|당당한|자존심이 강한
reef,산호초|암초
coral,산호
theory,이론|견해|가설
beneath,아래에|밑에|지하에|가치가 없는|…의 이면에
deserve,자격|만하다|마땅히|가치|싸다
envious,부러워하는|시기하는
method,방법|방식|수단
hidden,숨은|감춰진|비밀의|남모르게
describe,묘사하다|설명하다|표현하다|기술하다|그리다
choir,합창하다|성가대
choral,합창의|합창으로 부르는
chorus,코러스|합창|이구동성
benefit,혜택|이익|도움이 되다
limitation,a principle that limits the extent of something
advantageous,유리한|이로운|…하기 좋은
promotion,증진|진흥|승진|촉진|홍보
merit,장점|가치|공로|이점|혜택
scale,규모|척도|등급|비교하다|음계
conductor,지휘자|전도체|안내자
vocalist,a person who sings
tune,조율하다|곡|주파수를 맞추다|연주하다|서로 맞다
depend,따라|의존하다|달리다|의지하다|좌우되다
Mentor,스승|조언자|멘토르
everything,모든|모든 것|모두|최선|만사
drink,마시다|음료|음주|먹다|한 잔
confuse,혼란스럽다|혼동하다|당황하게 하다|어리둥절하게 하다
delicious,맛있는|맛좋은|달콤한|즐거운|먹음직
prepare,준비하다|대비하다|마련하다
coke,콜라|코크스|코카인
up,증가하다|위|오르다|일어나다|늘리다
dictionary,사전|딕셔너리
kicking,a rhythmic thrusting movement of the legs as in swimming or calisthenics
beginning,시작|처음|초|기원|개시
building,건물|건축|빌딩
dating,날짜 기입|선일부|연대 결정
rating,등급|평가|시청률|평점
funding,자금 제공|지원|투자|기금|재정
true,사실|진정한|진짜의|정말|정확한
recently,최근에|얼마전|근래에|요즘에|요즈음
guess,…라고 생각하다|…인 것 같다|추측하다|맞히다|짐작하다
meaning,의미|의미 있는|뜻|의도|중요성
bath,목욕|목욕물|욕실|욕조
down,내리다|지다|내려가다|아래로|앉다
exciting,흥미진진한|흥분시키는|재미있는|신나는|놀라운
ring,링|반지|울리다|고리|전화하다
thing,것|일|상황|물건|짓
ink,잉크|서명하다|먹물
industry,산업|업계|제조업|공업
broadcasting,방송
energetic,힘이 넘치는|활기찬|정력적인|활동적인
on the straight,똑바로|정직하게|일직선으로
passer,통행인|통과하는 사람|시험 합격자
international,국제적인|국제의|국제간의|인터내셔널
interview,인터뷰|면접|면담|회견
reporter,기자|리포터
active,능동적인|활동적인|적극적인|활발한|현역의
sucking,빠는|젖내나는|아직 젖이 떨어지지 않은
belong,속하다|…의 것이다|소유하다|어울리다
napkin,냅킨
tuck in,진수 성찬|걸어지르는 부분
elbow,주관절 |팔꿈치|팔|엘보우
fast food,패스트푸드|즉석 식품|즉석 요리의
in case of,…의 경우에는|…한 때에는|…에 대비하여
guide,가이드|유도하다|안내하다|지도하다|인도하다
waitress,웨이트리스|여종업원
until,…할 때까지|…까지|…이 되어 비로소
directly,직접적으로|곧바로|곧장|똑바로|일직선으로
breakfast,아침|아침식사|조식
celebrate,기념하다|축하하다|찬양하다|맞이하다|경축하다
custom,세관|관습|풍습|맞춤의|문화
ancestor,조상|선조|시조
Memorial Day,전몰 장병 기념일|현충일|영령 추도일
in a hurry,서둘러|황급히|조급히
photogenic,사진이 잘 받는|영화에 알맞은|발광성의
in person,직접의|실제로 하는|개인적으로|실물은|본인이 직접
bought,샀다|구입했다|장만했다
overland,육로로|육상의|육로의
turn off,끄다|흥미를 잃다|벗어나다|해고하다|만들어내다
fan,팬|좋아하는|선풍기|부채|부추기다
dad,아빠
in public,공공|국민|공|대중|공개적으로
loudly,크게|큰 소리로|요란하게|단호하게
such as,같은|등|처럼|이러한|포함한
culture shock,문화 쇼크|문화 충격
face,얼굴|직면하다|표정
generally,일반적으로|대개|대체로|보통|전반적으로
special,특별한|특수한|특이한|임시의|스페셜
borrow,빌리다|대여하다|차용하다|빚지다
last,지난|마지막의|지속되다|최종의|끝
invade,침공|침략하다|침범|침입하다|공격
billion,10억|막대한 수
over,…이상|끝나서|위의|너무
population,인구|사람들|모집단|집단|개체군
argument,논쟁|주장|말다툼|논거|논점
point,지적하다|점|포인트|요점|시점
education,교육|훈련|교양
discuss,논의하다|협의|이야기하다|토론하다|대화
originally,원래|처음에는|처음부터|본래
ancestry,조상|문벌|기원
talk about,이야기하다|말하다|말씀|논의하다|회담
smoker,담배를 피우는 사람|훈제업자|끽연가
punish,처벌하다|벌을 주다|응징하다|체벌하다|혼내다
firmly,강하게|확고하게|꽉|자신 있게
smoking,흡연|담배를 피우는|연기 나는
proposal,제안|계획|제의|안|청혼
upset,화난|기분 나쁜|당황|혼란|아픈
bother,괴롭히다|성가시게 하다|신경쓰이다|귀찮게 하다|걱정하다
vacancy,빈자리|빈방|결원
anyway,어쨌든|아무튼|어차피|그래서|결국
sure,확신하고|확실히|물론|분명히|반드시
capable,할 수 있는|능력있는|가능한|가능성있는|유능한
increase,증가하다|늘리다|인상되다|확대하다|상승하다
graduate,졸업하다|대학원생의|대졸자|학사
college,대학|연구소|칼리지
salary,월급|연봉|급여|임금|보수
tempt,유혹하다|하고 싶은|끌다|꾀다
data,데이터|자료|정보
presentation,프레젠테이션|발표|설명|제출
botch,…을 망쳐 놓다|종기|엉성한 일
end up,...게 되다|결국 ... 되다|끝나다|...고 말았다
frankly,솔직히|사실
answer,답하다|대답|해답|전화를 받다|응답하다
show,보여주다|쇼|보이고 있다|나타나다|전시회
deal,다루다|거래|대처하다|계약|주다
tough,힘든|어려운|강한|터프한|거친
disagreement,이견|불일치|불화|논쟁
negotiation,협상|교섭|협의|거래
at least,최소한|적어도|적게는|보수적으로|어쨌든
experience,경험|체험|겪다|느끼다|경력
hire,고용하다|채용하다|뽑다|사람을 쓰다|빌리다
fire,화재|불|발사하다|소방의|해고하다
never,결코|절대|전혀|설마
sluggish,느린|부진한|게으른
economy,경제|경기|이코노미
downsize,축소하다|소형화하다|줄이다
lighting,조명|점화|점등
completely,완전히|완벽하게|모두|전적으로|철저히
mood,기분|분위기|무드|감정|마음
capture,잡다|포착|체포|담다|사로잡다
hobby,취미
photography,사진
drawing,그림|도면|끌기|스케치|선
clay,점토|진흙|클레이
musician,음악가|뮤지션|가수
excellent,훌륭한|뛰어난|좋다|우수한|잘했어
amazing,놀라운|대단한|멋진|흥미로운
nod off,꾸벅꾸벅 졸다|앉은 채 졸다|잠들다
exam,시험|조사
joke,농담|장난|놀리다|재담
cheat,부정 행위|속이다|바람 피우다|사기꾼|사기
work on,작업하다|수리하다|…에 작용하다
awful,끔찍한|엄청난|무서운|심한|지독한
juvenile,청소년의|아이다운|유치한
oops,이런|아차|아이코
elevator,엘리베이터
no way,절대로 안 돼|천만의 말씀|싫어
club,클럽|동아리|팀|구단|곤봉
breathtaking,아슬아슬한|깜짝 놀랄 만한|숨이 멎을만큼 놀라운
much less,훨씬 더 적은|더군다나 …아니다
watermelon,수박|그 과일
get to,되다|가다|싶다|시작하다|도착하다
make it,만들다|성공하다|해내다|시키다|도착하다
look at,보다|살펴보다|쳐다보다|조사하다|관찰하다
guy,사람|남자|너희들|친구|녀석
ugly,추한|불쾌한
old,오래된|노인|나이든|늙은|낡은
necktie,넥타이
glad,기쁜|좋은|다행인|고마운|반가운
bridesmaid,신부 들러리|후원자|조연
invitation,초대|초청|참석|제의|신청
send out,배포하다|내다|가져 오도록 주문하다
dead,죽은|시신|사망|다 되다|돌아가신
funeral,장례의|상례|국민장|장의|영결식
snowy,눈 오는|순백의|눈 덮인
dress up,정장을 해야 하는|정장|복장을 제대로 갖추어야 하는
fat,지방|비만한|뚱뚱한|기름|살찐
serious,심각한|진지한|정말|중대한|위험한
painkiller,진통제
sell,팔다|판매하다|매각하다|매도하다|매매
side effect,부작용|후유증
medicine,의학|약|의술|의사직
recommend,권고하다|추천하다|건의하다|제시하다
aspirin,아스피린|그 정제|진통제
digestion,소화|소화력|숙고
physician,의사
exactly,정확히|바로|그렇소|딱|확실히
quite,꽤|아주|상당히|상당수의|완전히
begin,시작하다|발생하다|착수하다|출발하다
abdomen,복부|배
supper,저녁 식사|만찬|야식
cab,택시
one day,어느 날|하루|언젠가는|당일|한때는
hear,듣다|소식을 듣다|경청하다
smile,미소|웃다|미소 짓다|웃음|스마일
totally,완전히|정말|전혀|전적으로|전부
goods,상품|물품|물건|재화|물자
get out of,나오다|나가다|가다|벗어나다|꺼내다
since,…이후|…때부터|…이래|그 후
bye,안녕|잘가요|인사|부전승|작별
either,…이라고는 하지만|또한|어느 쪽|역시|양쪽의
arrive,도착하다|오다|가다|도달하다|도래하다
flight,비행기|비행|항공편|여행|도피
board,위원회|보드|…판|이사회|탑승하다
passport,여권
police,경찰|치안|공안|폴리스|순경
bus stop,버스 정류장
around,주변에|주위에|돌아다니는|근처에
police station,경찰서|경찰 본서
bus,버스|시내버스
bad,나쁜|좋지 않은|잘못된|심한|해로운
traffic,교통|트래픽|차|통행|거래
or so,…쯤|…정도|…가량
in,…안에|…으로|…에
take,(시간)이 걸리다|가지다|받다|찍다|데려가다
over there,저쪽에|저쪽으로|유럽으로
follow,따르다|뒤를 잇다|지켜보다|따라가다|추종하다
seat,앉다|자리|좌석|의석|시트
welcome,환영하다|맞이하다|환대하다
all right,좋아|알았어|괜찮아|자|무사한
month,달|개월|월
America,미국|아메리카
station,정거장|역|방송국|기지|주둔하다
avenue,길|…가|방법
get on,말하다|타다|일어나다|오르다|무릎 꿇다
heavy,중(重)…|무거운|강력한|과중한|심한
in front of,앞에|앞길에|눈앞에서|앞쪽
left,being or located on or directed toward the side of the body to the west when facing north
straight,연속한|직선|바로|똑바로|곧장
and then,그리고|...면|다음|나서|후에
block,블록|차단|막다|구역|봉쇄
corner,구석|모퉁이|코너|궁지
turn,되다|돌리다|켜다|바꾸다|변하다
walk on,단역|단역 배우|단역의
library,도서관|서재|장서
turn on,작동|등돌리다|켜지다|틀다|흥분시키다
idea,생각|아이디어|개념|사상|방법
interesting,흥미로운|재미있는|놀라운
bored,지루한|싫증난
sun,태양|해|햇볕
boyfriend,남자 친구|애인|보이프렌드
as usual,언제나 처럼|여느 때처럼
spring break,봄방학
plan,계획하다|예정|플랜|구상|의도
someday,언젠가|훗날|머지않아
however,그러나|하지만|그런데|그렇지만
china,중국|중화 인민 공화국|도자기
japan,일본
travel,여행|이동|교통|운행|달리다
traditional,전통적인|구식의|고풍의
souvenir,기념품|선물|추억
absolutely,절대적으로|완전히|전혀|물론|정말로
again,다시|또|다시 한 번
fantastic,멋진|환상적인|상상의|이상한|이유없는
past,과거의|과거형|지난|최근인|옛날의
half,절반|1/2|전반전|30분|하프
start,시작하다|처음|출발점|출발하다|설립하다
ticket,티켓|표|승차권|입장권|딱지
two,둘
favorite,좋아하는|마음에 드는|우승 후보|인기 있는
horror,공포|무서움|참상|호러
see,보다|알다|만나다|발견하다|확인하다
kind,종류|…가지|친절한|부드러운|착한
play,게임하다|역할을 하다|연주하다|경기|뛰다
bring,가지고 다니다|가져다 주다|데려오다|일으키다|생기다
great,위대한|큰|훌륭한|좋은|많은
nearly,거의|가까이
touching,…에 관하여|감동적인|남의 마음을 움직이는
movie theater,영화관
afternoon,오후|점심
her,그녀를|그녀의|그녀가|그녀에게|여자
study,연구|조사|공부|검토하다|관찰하다
age,나이|시대|노인들|오래되다|오랫동안
Greece,그리스
beautiful,아름다운|예쁜|훌륭한|멋있는|화창한
at,…에|…으로|…에서
lively,생생하게|활발하게|활기차게|밝은
party,정당|파티|관계자|당사자|단체
cigarette,담배|궐련
smoke,흡연|담배를 피우다|연기|화재|훈제하다
take care,돌보다|보호|살펴보다|관리|처리하다
number,수|다수|번호|…을 세다
know,알다|알려져 |인식하다
good,좋은|잘|훌륭한|착한|괜찮은
that,저것|것|그|다른
today,오늘날|오늘|현재|지금|요즘
good morning,안녕하십니까|좋은 아침입니다
frugal,검소한|절약하는|간소한
tree,나무|트리|수목|관계|가계도
new,새로운|새|최근의|뉴|신...
tax,세금|세|과세하다
plus,게다가|플러스|또한|이상의|더욱이
of course,물론|당연히|그렇지|사실|응
included,포함된|수록|들어간|둘러싸인|…을 포함한
one,하나|어느|한번|한 개|유일한
minute,분|잠깐|적은 양의|의사록
wait,기다리다|대기하다|지켜 보다|기대하다
need,필요|해야 한다|된다|요구|수요
by,…에 의하여
pay,지불하다|임금|지급하다|갚다|보상하다
visa,비자
credit card,신용카드|비자카드
cash,현금화하다|현금|돈|현찰
sale,판매|매각|매매|세일|매출
bag,가방|봉지|백|주머니|봉투
girlfriend,여자 친구|애인|연인
help,도움|돕다|도와주다|기여하다
try on,입어 보다|시험 착용|신어보다
black,흑인의|검은|블랙의|흑
color,색|색채|색깔|컬러|색상
shoe,신발|구두
then,그 이후에|그렇다면|그 당시의|그래서|게다가
rack,짜내다|…걸이|선반|침대
flour,가루|밀가루
shop,쇼핑하다|가게|상점|매장|샵
fun,재미있는|즐거운|장난|웃긴|신나는
really,정말|사실상|실제로|아주|매우
can,할 수 있다|캔|통조림
usually,보통|대개|일반적으로|늘|평소
light,빛|조명|밝게하다|광선|켜다
big,큰|중요한|많이|대단한
yet,아직|그러나|하지만|그런데도|여전히
enjoy,즐기다|하세요|누리다|즐겁게|재미있다
late,말기의|늦은|늦도록|늦게|최근의
wish,바라다|소원|…좋겠어|…싶다|기원하다
stay,머무르다|유지하다|체류하다|지내다|보내다
dessert,디저트|후식
appetizer,식욕을 돋우는 것|전채|식욕 촉진제
lunch,점심|도시락|간이 식당
much,훨씬|매우|많은|크게|대부분
me,나를|나에게|나|나의
dinner,저녁|저녁식사|만찬|정찬
free,자유의|무료의|…이 없는|해방시키다|벗어난
all,모든|모두|다|전부|전체
anything,무엇이든|어느 것이든|아무것도|조금이라도
fry,튀김|튀기다|프라이|감자튀김|망가지다
cheeseburger,치즈버거
bill,법안|빌|지폐|증권|청구서
sorry,미안한|죄송한|유감스러운|안됐다|사과하는
so,그래서|그렇게|그렇다면|그러니|따라서
food,음식|식품|식량|먹이|먹을 것
Chinese,중국인|중국어|중국의|중국 사람
soak,흡수하다|젖다|담그다|빨아들이다|전념하다
forgot,잊었다|까먹었다|두고 갔다|forget의 과거·과거 분사형
rice,쌀|벼|밥
make,…하게 하다|만들다|이루다|(돈을) 벌다|바꾸다
hungry,배고픈|부족한|기아의|먹고 싶은
tasty,맛있는|맛좋은|맛난|먹음직스러운
very,매우|아주|정말|굉장히|가장
tried,…하려고 한|노력한|먹어 본|입어 본
miss,놓치다|그리워하다|미스|실종되다|빼먹다
nearby,근처의|인근의|가까운|주변의|근거리
hotel,호텔
leave,떠나다|남기다|맡기다|출발하다
style,스타일|방식|양식|형식|문체
like,…같은|좋아하다|…하고 싶은|마치|마찬가지로
best,최고의|가장 …한|최선의|베스트|최대의
suit,정장|소송|옷|어울리다
which,어떤|어느
last name,성
spell,철자하다|쓰다|스펠링|마법|날씨
fine,좋은|벌금|미세한|잘|고급의
a,영어 알파벳의 첫째 자|하나의|어떤 하나의|…이라는 것
for,…을 위하여|…을 기념하여|…용의
reserve,준비의|예비|매장량|예약하다|보유하다
too,너무|또한|지나치게|매우
disappointing,실망시키는|기대보다 못한|기대에 어긋나는
tell,말하다|이야기하다
look for,찾다|주세요|위해|원하다|찾아보다
find,찾다|발견하다|알다|알아보다
later,후에|나중에|말에|뒤에|안에
come for,…의 목적으로 오다|가지러 오다|마중 나오다
someone,누군가|어떤 사람
check,확인하다|점검하다|검사|체크|수표
Will,의지|…할 것이다|유언
just,것만 |그냥|단지|방금|그저
please,제발|부디
stamp,우표|도장|찍다|짓밟다|인쇄하다
would like,할래요?|하고싶다|생각하다|주세요|좋겠어
next,다음의|차기|옆에|앞으로|내년
housework,가사|집안일
errand,볼일|심부름
clean up,청소|깨끗하게|치우다|정화|뒤처리
than,보다|보다는|…이외의|다름아닌
something,무언가|어떤 것|중요한 것|어떤 일|조금
ask,묻다|질문하다|요청하다|부탁하다|말씀하다
any,어떤|전혀|어느|아무|누군가
family,가족|가문|식구
live with,참고지내다|…을 받아들이다|감수하다
people,사람들|국민|인간|주민|대중
right now,지금|현재|당장|이제|요즘
near,근처|가깝게|인접한|거의|접근한
room,방|공간|여지|자리|장소
clean,깨끗한|청소하다|맑은|치우다|지우다
who,누구
cook,요리사|요리하다|만들다|쿡|조리된
there,a location other than here
kitchen,부엌|주방
she,그녀|그 여자
mother,어머니|어미|모국의|수녀원장
your,여러분의|당신의|너의|자네의
where,어디|곳|장소
watch,보다|지켜보다|관람하다|시계|관찰하다
what,무엇|어떻게|어떤|뭐라고|무슨
daughter,딸|여성|양녀|파생
son,아들|자식|양자|자손
has,have의 3인칭·단수·직설법·현재형
have,가지다|얻다|걸리다| 낳다|소유하다
his,그의|그의 것|그 사람의|신의
he,그는|그 사람은|그것은|남자|신
married,결혼한|기혼의|부부|유부남
younger,더 젊은|더 어린|젊은이|동생인|아래의
elder,노인|어른|연장자|장로|고참
brother,형제|동포|형씨
about,…에 대하여|약…|정도|좀|거의
look,보다|찾다|표정|살펴보다|바라보다
think,생각하다|같다|상상하다|평가하다|예상하다
sister,여동생|자매|누나|언니|수녀