abate,"줄이다, 완화하다, 감소하다","subside, withdraw, drop"
abridge,"단축하다, 요약하다, 생략하다","shorten, cut, reduce, condense"
abstemious,"절제하는, 금욕적인",sparing
abstract,"추상적인, 관념적인","generalized, simplified"
abstruse,"난해한, 심오한","difficult, hard"
accessible,"접근할 수 있는, 얻기 쉬운","available, reachable, obtainable"
acclaim (n),"갈채, 환호, 칭찬","praise, applause"
acclaim (v),"갈채하다, 환호하다","hail, praise, applaud"
accolade,"명예, 칭찬, 경의",praise
acknowledge,"인정하다, 자인하다","recognize, admit"
acquiesce,"묵인하다, 마지못해 따르다","submit, approve, go along with, offer no resistance"
acrid,"매운, 쓴, 신랄한","sharp, bitter, harsh, penetrating"
acrimonious,"신랄한, 독살스러운","bitter, biting, sharp, nasty, acid"
acute,"격렬한, 날카로운","sharp, intense, keen, profound, pointed"
adulation,"추종, 아첨","flattery, praise, applause"
adversary,"적, 상대편","enemy, foe, opposition"
adversity,"불운, 역경, 재난","difficulty, opposition, persecution"
aesthetic (adj),"미의, 미학의, 심미적인",beautiful
aesthetic (n),"미의식, 미학","beauty, taste"
affable,"붙임성 있는, 정중한","friendly, nice, personable"
affectation,"가장, 뽐냄","pretension, act, ruse, masquerade"
affirmation,"확언, 단언, 긍정","assertion, statement"
aggregate,"집합(체), 총액","assemblage, composite"
alleviate,"(고통을) 완화시키다, 경감하다","relieve, lessen, reduce, assuage"
aloof,"냉담한, 무관심한","unconcerned, indifferent"
altruistic,이타적인,"unselfish, generous"
amass,"쌓다, 모으다","gather, assemble, collect"
ambiguous,"두 가지 이상의 뜻이 있는, 모호한","vague, uncertain, indeterminate"
ambivalence,"상반되는 감정, 양면 가치, 주저","indecisiveness, uncertainty"
ambivalent,"상반되는 감정을 가진, 양면 가치적인","indecisive, uncertain, uncommitted"
ambulatory,"보행의, 걸어다니는","walking, mobile"
ameliorate,"개선하다, 좋아지다","improve, alleviate"
amiable,"붙임성 있는, 호감을 주는","likable, friendly"
amity,"우호, 친선","friendship, comradeship"
amorphous,"무정형의, 특성이 없는","shapeless, undefined"
ample,"광대한, 넓은, 충분한","abundant, plentiful, profuse, substantial, adequate, enough"
anachronistic,"시대에 맞지 않는, 시대 착오의","outdated, old-fashioned"
analogous,"유사한, 닮은","comparable, similar"
anarchist,"무정부주의자, 반체제 반역자",anti-authoritarian
anarchy,"무정부 상태, 혼란, 무질서","chaos, riot"
anecdote,"일화, 비화","story, report"
animated,"생기가 있는, 활기가 넘치는","lively, vigorous"
animosity,"원한, 증오, 적개심","hostility, opposition, enmity"
anomaly,"변칙, 이례","deviation, oddity"
anonymous,"작자 불명의, 익명의","nameless, unidentified"
antagonism,"반대, 적개심, 반작용","opposition, enmity"
antediluvian,"노아의 홍수 이전의, 구시대적인","ancient, antique, prehistoric"
antidote,"해독제, 해결 방법","remedy, cure, countermeasure"
antipathy,"반감, 혐오, 싫은 일","dislike, hatred"
antiquated,"낡은, 시대에 뒤진","old-fashioned, antique, outdated, ancient"
anxiety,"걱정, 불안, 염원","nervousness, edginess"
apathy,"무감동, 무감정, 냉담, 무관심","indifference, unconcern"
apocryphal,"저작자가  의심스러운, 가짜의","invented, unverifiable, untrue, mythical"
appease,"달래다, 가라 앉히다, 만족시키다","soothe, calm"
apprehension,"우려, 염려, 불안","unease, worry, fretfulness"
apprehensive,"우려하는, 염려하는","uneasy, worried, fretful"
arable,"경작할 수 있는, 경작에 알맞은","farmable, fertile"
arbitrary,"제멋대로인, 독단적인","capricious, irrational, random"
archaic,"고풍의, 고대의","antiquated, old, outdated"
ardent,"열렬한, 열심인, 격렬한","passionate, eager, emotional"
arid,"건조한, 불모의","barren, desert, dry, parched, boring, dull, tedious"
arrogance,"거만, 불손, 오만","haughtiness, pride"
arrogant,"거만한, 건방진","haughty, proud, overbearing"
articulate,"명료한, 발음이 똑똑한","eloquent, well-spoken, fluent"
artifact,"인공물, 공예품","tool, craft"
artisan,"장인, 공예가","craftsman, artist"
ascendancy,"우위, 우세, 권세","rise, ascent, climb"
ascetic,"고행의, 금욕적인, 금욕주의의","austere, strict"
aspire,"열망하다, 높이 오르다","hope, aim"
assiduous,"끊임없는, 근면한","diligent, conscientious, hardworking"
assuage,"완화하다, 진정시키다, 달래다","soothe, relieve, cool, calm"
astute,"기민한, 영리한, 독창적인","clever, ingenious, perceptive"
atrophy,"쇠약, 감퇴","wasting, deterioration, weakening"
attribute,"속성, 특질","trait, characteristic, quality"
audacious,"대담한, 뻔뻔스러운, 무례한","daring, bold, risky"
augment,"증가시키다, 증대시키다","increase, expand, strengthen"
auspicious,"길조의, 상서로운","favorable, promising"
austere,"어만, 꾸밈없는, 간결한","severe strict, gaunt"
authentic,"믿을 만한, 진정한, 진짜의","genuine, true, verifiable"
authoritarian,"권위주의자, 독재주의자","dictatorial, commanding"
autonomous,"자치적인, 독립된, 자율적인","independent, free"
avarice,"탐욕, 허욕","greed, money lust"
aversion,"싫음, 혐오, 반감","dislike, fear, distaste"
avert,"돌리다, 비키다, 피하다","prevent, avoid, forestall"
banal,"진부한, 시시한, 평범한","trite, familiar, boring"
baneful,"파괴적인, 유독한","damaging, deleterious, detrimental, injurious, harmful"
barren,"불모의, 열매를 맺지 못하는, 불임의","unproductive, lifeless, sterile"
bastion,"능보, 요새, 성채","stronghold, fortress, citadel"
bear,"지탱하다, (의무, 책임을) 지다, 참다","carry, hold, withstand"
beguile,"속이다, 현혹시키다","deceive, trick"
belie,"속여 나타내다, 잘못 전하다, 모순되다","misrepresent, camouflage"
belittle,"흠잡다, 과소평가하다","insult, denigrate, condemn"
belligerent,"호전적인, 교전중인","warlike, hostile, threatening"
benefactor,"은인, 후원자","supporter, donor, protector"
benevolent,"자애로운, 인정 많은, 자선을 위한","friendly, kind, supportive"
benign,"친절한, 온화한","kind, friendly, favorable"
bequeath,"유언으로 증여하다, (후세에) 남기다","leave, sign away"
bias,"성향, 선입견, 편견","prejudice, preference"
blasphemy,"신성모독, 불손한 언동",irreverence
bleak,"황량한, 삭막한, 차가운","desolate, depressing, gloomy"
blighted,"마른, 시든","withered, shriveled"
blithe,"즐거운, 쾌활한, 경솔한","carefree, unconcerned, happy"
blueprint,"청사진, (세밀한) 계획","plan, scheme, outline"
bolster,"덧베개로 받쳐주다, 북돋우다","support, reinforce, strengthen"
braggart,"허풍선이, 호언장담가","boaster, self-promoter"
brawn,"근육, 완력","strength, might, muscularity"
brevity,"짧음, 간결","shortness, succinctness"
buttress,"버팀벽, 지지물","support, brace"
cacophonous,"귀에 거슬리는, 불협 화음의","noisy, uproarious"
cajole,"구슬리다, 부추기다","appeal, plea, push"
calculated,"계산된, 계획된","planned, deliberate"
candid,"솔직한, 숨김 없는","sincere, honest"
candor,"솔직, 허심탄회, 공평무사","honesty, frankness"
capricious,"변덕스러운, 불안정한","unpredictable, flighty, fickle"
cardiologist,심장(병)학자,"heart doctor, heart specialist"
carping,"트집잡는, 잔소리가 심한","complaining, nagging"
caustic,"부식성의, 신랄한","sarcastic, biting"
censorious,"지나치게 비판적인, 까다로운","critical, nasty"
censure,"비난, 책망, 혹평","criticism, condemnation"
certitude,"확신, 확실(성)","certainty, sureness"
charlatan,허풍선이 돌팔이 의사,"fraud, faker"
circumlocution," 완곡어법, 둘러대는 표현","evasion, digression, rambling, tautology, vagueness"
circumspect,"신중한, 주의깊은, 용의주도한","careful, cautious, deliberate, guarded, prudent, vigilant"
clarify,"뚜렷하게 하다, 명백히 하다","elucidate, explain"
cliché,"판에 박은 문구, 진부한 표현",platitude bromide
coalesce,"유착하다, 합동하다, 연합하다","unite, unify"
coercion,"강제, 강압, 탄압 정치","force, pressure"
colloquial,"구어체의, 일상 회화의","informal, free"
combustible,"가연성의, 흥분하기 쉬운","burnable, flammable"
commemorate,"(축사, 의식으로) 기념하다, 축하하다","observe, mark, honor"
compile,"하나로 모으다, 수집하다, 편집하다","collect, gather"
complacency,"(부정적) 자기 만족, 만족을 주는 것","self-satisfaction, smugness"
complacent,"자기 만족의, 개의치 않는","self-satisfied, smug"
complementary,"서로 보완하는, 보충하는","supplementary, additional, compatible"
compliance,"응낙, 수락, 순종","obedience, submission, subordination"
compliant,"유순한, 고분고분한","obedient, submissive, subordinate"
composure,"침착, 평정","calmness, coolness"
comprehensive,"이해력 있는, 이해가 빠른, 포괄적인","extensive, complete"
compromise,"타협, 양보, 절충안","settlement, agreement"
concede,"인정하다, 허용하다","acknowledge, give, surrender"
conciliate,"달래다, 무마하다, 회유하다","appease, pacify"
conciliatory,"융화적인, 달래는, 회유적인","pleasant, reassuring"
concise,"간결한, 간명한","short, brief, succinct"
concur,"일치하다, 동의하다","agree, acknowledge, admit, concede, recognize, accede, acquiesce"
condense,"응축하다, 요약하다","shorten, reduce, edit, cut"
condescend,"자기를 낮추다, 창피를 무릅쓰고 ~하다","stoop, deign"
condone,"용서하다, 묵과하다","excuse, pardon"
confine,"제한하다, 한하다, 감금하다","enclose, impound, isolate, jail, sequester, limit, regulate, restrain, restrict"
conflagration,큰 화재,"fire, blaze"
confluence,"합류, 집합","convergence, union"
confound,"혼동하다, 당황케 하다","confuse, disrupt"
congenial,"마음이 맞는, 기분 좋은, 친절한","friendly, hospitable, welcoming"
conjecture,"짐작, 추측, 억측","guess, speculation"
consensus,"일치, 합의, 여론","agreement, majority view"
consolidate,"결합하다, 합체시키다, 공고히 하다","combine, incorporate, merge, unite, compress, concentrate"
conspicuous,"눈에 띄는, 잘 보이는, 두드러진","outstanding, bold, prominent"
constraint,"강제, 제한, 억제","limitation, limit, bound"
contempt,"경멸, 멸시, 업신여김","scorn, disdain"
contend,"싸우다, 논쟁하다, 주장하다","argue, dispute"
contentious,"싸우기 좋아하는, 논쟁의 여지가 있는","quarrelsome, argumentative"
contrite,"죄를 깊이 뉘우치는, 회개의","sorry, regretful"
contrive,"연구하다, 고안하다, 설계하다","concoct, devise, fashion, improvise, invent"
converge,"한 점에 모이다, 집중하다","meet, unit"
conviction,"유죄 판결, 확신, 신념","belief, persuasion"
cordial,"마음에서 우러난, 애정 어린","sincere, friendly"
corroborate,"확증하다, 뒷받침하다","support, reinforce, strengthen"
corrode,"부식하다, 부패하다","rust, dissolve, eat away, destroy"
corrugated,"물결 모양의, 주름이 있는","folded, ripped"
corrupt,"부정한, 부패한, 타락한","immoral, depraved"
credulity,"너무 쉽게 믿는 성질, 경신","naiveté, gullibility"
credulous,"잘 믿는, 잘 속는","naïve, gullible"
criterion,"표준, 기준","rule, guideline, test"
crucial,"결정적인, 중대한, 엄격한, 어려운","critical, decisive, determining, important, significant"
cryptic,"숨은, 신비스러운, 애매한","puzzling, mystifying, mysterious"
culpable,"과실 있는, 비난할 만한, 유죄의","guilty, blameworthy"
cursory,"서두르는, 피상적인","hasty, careless, quick"
curtail,"단축하다, 생략하다","reduce, cut short, abbreviate"
dearth,"부족, 기근","lack, absence, shortage"
debilitate," 약하게 하다, 쇠약하게 하다","weaken, enervate, wear out"
debunk,정체를 폭로하다,"discredit, disprove, mock"
decorum,"단정, 예의바름","propriety, dignity, politeness"
deference,"복종, 존경","respect, subordination, courtesy"
degradation,"좌천, 하락, 파면","shame, depravity, deterioration"
dehydrate,"탈수하다, 건조시키다","desiccate, dry out"
deleterious,"해로운, 유독한","harmful, damaging, injurious"
deliberate,"신중한, 사려 갚은, 고의적인","intentional, conscious, planned"
delineate,"윤곽을 드리다, 묘사하다","sketch, outline, depict"
denounce,"비난하다, 고발하다","condemn, attack, decry"
deplete,"격감시키다, 고갈시키다","use up, exhaust, consume"
deplore,"비탄하다, 비난하다","condemn, complain, bemoan, bewail"
depose,"면직하다, 퇴위시키다","dethrone, unseat, expel, recall, remove"
depravity,"타락, 부패, 악행","immorality, corruption"
deprecate,"반대하다, 비난하다","belittle, condemn"
deprive,"박탈하다, 빼앗다, 해임시키다","despoil, rob, bereave, dispossess, divest, remove"
deride,"비웃다, 조롱하다","mock, lampoon, make fun of"
derivative,"끌어낸, 유도적인, 모방한","unoriginal, copied, imitated"
desecrate,"신성을 더럽히다, 속되게 쓰다","profane, violate, defile"
desiccate,"건조시키다, 무기력하게 하다","dry, dehydrate"
despondent,"의기소침한, 낙담한","gloomy, sad, depressed"
detached,"독립된, 사심 없는","separate, free, uninvolved"
deter,"단념시키다, 방해하다","warn, prevent, discourage"
determined,"단호한, 굳게 결심한, 확정된","committed, motivated, focused, resolute"
deterrent,"방해물, 단념하게 하는 것","warning, preventative, disincentive, shield"
detrimental,"해로운, 불리한","harmful, hurtful, destructive"
devious,"구불구불한, 솔직하디 않은, 사악한","deceitful, dishonest, shifty"
devise,"궁리하다, 고안하다","make, invent, create"
devotion,"헌신, 전념, 헌납","dedication, loyalty, commitment"
didactic,"교훈적인, 설교적인","educational, instructional"
diffidence,"자신이 없음, 기가 죽은","shyness, timidity"
diffident,"자신 없는 소심한, 삼가는","shy, timid, retiring"
diffuse,"널리 퍼진, 흩어진","loose, fuzzy, indistinct, unconcentrated, dispersed"
digress,"벗어나다, 빗나가다","depart, deviate, wander"
digression,"본론을 벗어남, 여담, 탈선","departure, deviation, aside"
dilatory,"느린, 늦은, 시간을 끄는","slow, late, tardy, lagging"
diligence,"근면, 부지런함","dedication, assiduity, patience, commitment"
diminish,"줄이다, 감소하다","shrink, drop, reduce, decline, ebb, fall"
diminution,"감소, 축소","reduction, shrinkage, decrease"
discerning,"통찰력 있는, 총명한","perceptive, aware, alert, observant"
discernment,"인식력, 판별력","perception, awareness, sharpness"
disclose,"드러내다, 폭로하다","reveal, release, publicize, announce"
discord,"불화, 불일치, 불협화음","dissent, disharmony, disorder, protest, disagreement"
discordant,"일치하지 않는, 사이가 좋지 않은","sour, harsh, disharmonious, unsettling, upsetting, disturbing"
discrepancy,"불일치, 모순","inconsistency, disagreement"
discriminate,"구별하다, 차별하다","discern, differentiate"
discriminating,"구별할 수 있는, 식별력 있는, 차별적인","sensitive, selective, tasteful"
disdain,"경멸하다, 멸시하다","contempt, scorn"
disinclination,"싫증, 마음이 안 내킴","unwillingness, reluctance, hesitancy"
dismiss,"해산시키다, 해고하다","discharge, fire, release"
disparage,"얕보다, 헐뜯다","insult, denigrate, condemn"
disparate,"본질적으로 다른, 이종의","different, distinct, dissimilar"
disparity,"부동, 불일치, 불균형","difference, inequality"
dispassionate,"냉정한, 공정한","emotionless, unbiased, impartial"
disperse,"흩어지게 하다, 분산시키다","scatter, distribute"
dispose,"배치하다, 처리하다","arrange, array, order"
disputatious,"논쟁적인, 논쟁을 좋아하는","argumentative, quarrelsome, contentious"
disseminate,"흩뿌리다, 퍼뜨리다","spread, scatter, distribute"
dissent,"의견 차이, 불찬성","disagreement, argument"
distant,"먼, 아득한","far, remote, separate"
distend,"넓히다, 과장하다","swell, bulge"
distinguish,"구별하다, 분간하다","differentiate, discern, discriminate"
divergent,"다른, 갈라지는, 발산하는","different, irregular, unlike"
diverse,"다른 종류의, 다양한","different, dissimilar, unlike, varying"
divert,"딴 데로 돌리다, 전화하다","deflect, redirect, reroute"
divulge,"비밀을 누설하다, 밝히다, 공표하다","disclose, impart, relate, reveal, acknowledge, admit"
docile,"다루기 쉬운, 유순한","manageable, obedient, pliant, submissive, teachable"
doctrine,"주의, 이론, 교리","principle, policy, teaching"
document,"문서, 서류","paper, record, file"
dogmatic,"교리상의, 독단적인","strict, rigid, doctrinaire"
drone,"게으름뱅이, 윙윙거리는 소리, 수벌","idler, slacker, buzz, hum"
dubious,"수상한, 의심스러운","questionable, uncertain, unreliable"
dupe,속이다,"deceive, trick, mislead"
duplicity,"표리부동, 일구이언","trickery, dishonesty, deception, misrepresentation"
durable,"영속성 있는, 튼튼한","tough, rugged, stout, long-lasting"
dwindle,"줄다, 작아지다, 축소되다","curtail, decrease, lessen, reduce"
ebullient,"용솟음치는, 열광적인","outgoing, merry, joyful"
eccentric,"별난, 괴상한","odd, strange, abnormal, unusual"
eclectic,"폭넓은, 절충적인","mixed, varied, heterogeneous"
edify,"신념을 기르다, 교화하다","teach, instruct, inform"
efface,지워 없애다,"hide, conceal, erase"
effectual,"효과적인, 유효한, 충분한","adequate, effective"
effervescence,"거품이 남, 흥분, 활기","foaminess, bubbliness, ebullience"
effervescent,"거품이 나는, 흥분한, 활기 있는","foamy, bubbly, ebullient, joyful"
egotistical,"자기의 일만 하는, 자기 중심의","self-centered, conceited"
elaborate,"공들인, 복잡한, 정교한","intricate, complex, ornate"
elated,의기양양한 매우 기뻐하는,"overjoyed, delighted"
elegance,"우아, 고상","grace, beauty"
elegy,"애가, 비가","lament, threnody"
elicit,"도출하다, 이끌어 내다","evoke, provoke"
eloquence,"웅변, 말재주","articulateness, expressiveness"
elucidate,"해명하다, 설명하다","clarify, explain"
elusive,"붙잡기 어려운, 피하는, 달아나는","evasive, slippery, uncatchable, vague, undefined, ambiguous"
emaciated,"수척한, 여윈, 메마른","gaunt, wasted, thin, skeletal"
embellish,"꾸미다, 장식하다","color, decorate, dress up, elaborate, ornament"
embrace,"껴안다, 받아들이다","hug, hold"
emend,"교정하다, 수정하다","amend, redo, revise, rewrite"
emulate,"경쟁하다, 모방하다","copy, imitate"
endorse,승인하다,"sign, approve, authenticate, support"
endurance,"지구력, 내구성, 인내력","stamina, persistence, longevity"
engender,"생기게 하다, 일으키다","produce, originate, procreate"
enhance,"높이다, 강화하다","advance, improve, increase"
enigma,"수수께끼, 불가사의한 일","mystery, puzzle, riddle"
enlighten,"계몽하다, 설명하다, 가르치다","teach, instruct, inform"
enmity,"적의, 원한","animosity, hatred"
enthrall,마음을 사로잡다,fascinate transfix
entice,"꾀다, 유혹하다, 부추기다","beguile, induce, lure, tempt, allure, attract, fascinate, seduce"
ephemeral,"하루뿐인, 순식간의","brief, short-lived, temporary"
equanimity,"평정, 침착, 균형","aplomb, composure, coolness"
equitable,"공평한, 정당한","fair, evenhanded, impartial"
equivocal,"불확실한, 다의성의, 의심스러운","ambiguous, uncommitted, uncertain, doubtful"
eradicate,"뿌리째 뽑다, 박멸하다, 근절하다","abolish, annihilate, eliminate, exterminate"
erratic,"산만한, 괴상한, 엉뚱한","wandering, uneven, uncertain"
erroneous,"잘못된, 틀린","mistaken, incorrect, wrong"
erudite,"학식이 있는, 박식한","learned, scholarly"
esoteric,"난해한, 비밀의","abstruse, profound"
essential,"본질적인, 필수의","necessary, vital"
ethical,"윤리적인, 도덕적인","correct, proper, right, virtuous"
eulogy,"찬사, 칭찬, 송덕문","applause, praise"
euphemism,"완곡어법, 완곡어구","ambiguity, equivocation, hedge"
euphony,듣기 좋은 음조,"harmony, sweetness"
evanescent,"사라져 가는, 순간의","ephemeral, short-lived, temporary"
exacerbate,"악화시키다, 격화시키다","worsen, intensify"
exalt,"높이다, 칭찬하다","elevate, glorify, praise"
excerpt,"발췌, 인용","extract, sample, quotation"
execute,"실행하다, 사형에 처하다","perform, do, kill"
exemplary,"모범적인, 훌륭한","commendable, admirable, outstanding, excellent, model"
exemplify,"예시하다, 예증하다","epitomize, illustrate, represent"
exhaustive,"철저한, 소모적인","complete, comprehensive, extensive, thorough"
exhilarating,"기분을 돋우는, 상쾌한","energizing, refreshing, strengthening"
exonerate,"해방시키다, 면제하다","acquit, justify"
exotic,"이국적인, 외래의, 매혹적인","alien, foreign"
expedient,"도움이 되는, 적절한","appropriate, convenient"
expedite,"진척시키다, 신속히 처리하다","assist, ease, help, facilitate"
explicit,"명확한, 명시적인, 솔직한","clear, exact, precise, plain, unambiguous"
exploit,"개척하다, 개발하다, (부당하게) 이용하다","employ, use, abuse, manipulate"
expunge,"지우다, 파괴하다, 멸종시키다","delete, erase, undo"
extensive,"광범위한, 포괄적인","big, broad, comprehensive, inclusive, large, wide"
extirpate,"근절시키다, 박멸하다, 구조하다",destroy
extol,크게 칭찬하다,"celebrate, honor, praise"
extraneous,"비본질적인, 관계가 없는, 외래의","alien, foreign, outside"
extreme,"극도의, 과격한, 맨 끝의","farthest, outermost, utmost"
extricate,"구해내다, 해방시키다","clear, free, release"
exuberance,"풍부, 윤택","enthusiasm, joy, vivacity"
facilitate,"용이하게 하다, 촉진하다","assist, ease, expedite, help"
fallacious,"그릇된, 남을 현혹시키는","wrong, erroneous, deceptive, misleading"
fallow,"묵히고 있는, 휴경중인","idle, inactive"
falter,"움찔하다, 망설이다","hesitate, quaver, vacillate, waver, halt, stammer"
fanaticism,"열광, 광신","insanity, zeal"
fanatic,"광신자, 열광자","zealot, extremist"
fastidious,"까다로운, 세심한, 꼼꼼한","careful, picky, exacting, meticulous, conscientious"
fathom,"추측하다, 이해하다, 수심을 재다","comprehend, understand, grasp"
feasible,"그럴싸한, 있음직한","possible, practical"
fecund,"다산의, 비옥의, 풍성한","fertile, productive, prolific, blooming, flourishing"
feeble,"연약한, 힘없는, 박약한","decrepit, fragile, frail, weak, debilitated"
fell,"잔인한, 사나운, 무시무시한","cruel, deadly, sinister"
fertile,"기름진, 비옥한, 다산의","productive, prolific"
fervor,"열렬, 열정, 열성","eagerness, enthusiasm, intensity, passion, zeal"
fickle,"변하기 쉬운, 변덕스러운, 불안한","changeable, erratic, unpredictable, unstable"
fitful,"변하기 쉬운, 단속적인","intermittent, irregular, sporadic"
flagrant,"명백한, 악명 높은, 극악한","outrageous, scandalous, shameless, shocking"
florid,"불그레한, 화려한, 화사한","red, rosy, ruddy, flushed"
flourish,"번영하다, 무성하게 자라다","thrive, prosper, succeed"
flower,"꽃이 피다, 성숙하다, 번영하다","bloom, blossom, develop, unfold, prosper"
fluctuate,"오르다, 변동하다","alternate, change, oscillate, shift"
foliage,"잎, 군엽","foliation, leafage, leaves"
foolhardy,"무모한, 터무니없는","reckless, heedless, incautious, ill-advised, risky"
formal,"형식적인, 공식적인","ceremonious, polite, reserved, rigid, conventional, strict, codified"
fortuitous,"뜻밖의, 우연의, 행운의","accidental, inadvertent, fortunate"
frivolous,"천박한, 사소한, 불성실한","insignificant, trivial, insubstantial, lightweight"
frugality,"검소, 절약","economy, thrift, cheapness, parsimony"
furtive,"은밀한, 수상한","stealthy, secret, hidden, concealed, covert"
garrulous,"잘 지껄이는, 말 많은, 장황한","talkative, wordy"
gauge,"측정하다, 판단하다","calculate, calibrate, compute, estimate, measure"
gaunt,"몹시 여윈, 수척한","haggard, lean, skinny, emaciated, wasted, bony"
glacial,"얼음의, 빙하의, 차가운","cold, icy, wintry, slow, gradual"
glutton,"대식가, 폭식가","gourmand, (slang) pig, hog, chowhound"
gratify,"만족시키다, 기쁘게 하다","please, delight, gladden, satisfy, indulge"
gratuitous,"무료의, 불필요한","free, unearned, unnecessary"
gravity,"중력, 인력, 중대성, 진지함","attraction, pull, solemnity, seriousness, importance, significance"
gregarious,"떼지어 사는, 사교적인","sociable, outgoing"
guile,"교활, 꾀, 술책","trickery, deceit, cunning, dishonesty, sneakiness"
gullible,잘 속는,"credulous, naïve"
hackneyed,"낡아 빠진, 진부한","trite, overused"
hamper,"훼방하다, 방해가 되다","restrict, impede, interfere"
hangar,격납고,"shed, shelter, barn"
hardy,"단련된, 튼튼한","brave, bold, tough, rugged"
harness,자연력을 동력으로 이용하다,"use, utilize, exploit"
harsh,"엄격한, 가혹한, 거친","rough, severe, strong, strict"
hasten,"서두르다, 촉진하다","accelerate, hurry, speed"
haughtiness,"건방짐, 오만","arrogance, pride"
hedonist,쾌락주의자,"epicure, rake"
hedonistic,쾌락주의(자)의,"epicurean, sybaritic"
heed,"주의하다, 마음에 두다","listen, mark, note, notice, obey"
heresy,"이단, 이설, 반대론","dissent, nonconformity"
hierarchy,"계층제, 계층","government, administration, rank"
hindrance,"방해, 장애, 사고","obstacle, block, problem, interference"
homogeneous,"동종의, 동일성의","uniform, unvarying"
hopeless,"절망적인, 어찌할 수 없는","impossible, incurable, forlorn, despondent"
hue,"색조, 빛깔, 경향, 특색","cast, color, shade, tint"
humility,"겸손, 비하","modesty, lowliness, self-abasement"
hyperbole,"과장(법), 과장 표현","exaggeration, extravagance"
hypocrisy,"위선, 위선 행위","insincerity, deceit, duplicity"
hypocritical,"위선의, 위선(자)적인","insincere, deceitful, duplicitous"
hypothetical,"가설의, 가설에 근거한","conjectural, suggested, imaginary, conditional"
iconoclastic,"성상 파괴주의의, 인습 타파의","revolutionary, radical, dissenting"
idiom,"관용구, 숙어","colloquialism, expression"
idiosyncrasy,"특질, 특성, 특유의 표현","quirk, uniqueness, oddity"
ignominy,"면목없음, 불명예, 치욕","disgrace, humiliation, dishonor"
illicit,"불법의, 부정의","illegal, unlawful, criminal"
illusory,"착각을 일으키는, 현혹시키는, 가공의","fake, imagined, unreal"
immutable,"불변의, 바꿀 수 없는","changeless, constant, permanent, unchanging, unalterable"
impair,"감하다, 약화시키다, 손상시키다","harm, injure, damage"
impartial,"치우치지 않은, 공평한","fair, just, unbiased"
impeccable,"결점이 없는, 죄를 범하지 않은","ideal, perfect, flawless, faultless"
impecunious,"가난한, 무일푼의","poor, penniless, impoverished, bankrupt, destitute"
impede,"방해하다, 훼방놓다","block, hinder, oppose, stall, resist, obstruct"
implausible,"받아들이기 어려운, 믿기지 않는","unbelievable, unlikely, improbable, incredible"
implement,"도구, 용구, 수단","tool, utensil"
impose,"(의무, 벌, 세금을) 지우다, 강요하다","subject, inflict"
impregnable,"난공불락의, 견고한, 확고한","impenetrable, unconquerable, unbeatable, undefeatable"
impudence,"뻔뻔스러움, 무례, 건방짐","disrespect, insolence, rudeness"
impulsive,"충동적인, 추진력 있는","hasty, impetuous, quick"
inadvertent,"우연의, 의도하지 않은, 부주의한","accidental, unintentional, unplanned"
inadvertently,"부주의하게, 무심코, 우연히","accidentally, unintentionally"
inane,"얼빠진, 어리석은, 공허한","pointless, irrelevant, useless, empty"
inapt,"부적당한, 적당치 않은","unsuitable, improper, incompatible, unfit"
incessant,"끊임없는, 쉴새 없는, 부단한","constant, ceaseless, nonstop, endless, unceasing, never-ending, uninterrupted"
incidental,"부수하여 일어나는, 우연히 일어나는","casual, chance"
incisive,"신랄한, 날카로운, 예리한","keen, sharp, penetrating, sarcastic"
incite,"자극하다, 격려하다, 유발하다","induce, instigate, provoke, start"
inclusive,"포함한, 모든 것을 포함한, 포괄적인","comprehensive, overall, general"
incoherent,"모순된, 조리가 닿지 않는, 흐트러진","disjointed, jumbled, loose, scrambled, unconnected, uncoordinated"
incongruous,"일관성이 없는, 모순된, 어울리지 않는","inappropriate, inconsistent"
inconsequential,"중요하지 않은, 이치에 맞지 않는","unimportant, insignificant"
incontrovertible,"논쟁의 여지가 없는, 부정할 수 없는","indisputable, unquestionable, certain"
incorrigible,"구제할 길 없는, 고쳐지지 않는","hopeless, irreparable"
indefatigable,"지치지 않는, 근기 있는","diligent, tireless, untiring, unwearying"
indict,"기소하다, 고발하다, 비난하다","arraign, charge, incriminate"
indifferent,"무관심한, 중요치 않은","aloof, apathetic, uncaring, unconcerned"
indigenous,"토착의, 원산의, 자생의, 타고난","endemic, local, native, inborn"
indiscriminate,"분별없는, 마구잡이의","careless, assorted, haphazard, miscellaneous"
indolence,"게으름, 나태","laziness, sloth"
indolent,"게으른, 나태한","lazy, slothful"
induce,"권유하다, 야기하다","cause, produce, stimulate"
indulgent,"멋대로 하게 하는, 관대한","lenient, permissive, tolerant, lax, soft"
ineffable,말로 표현할 수 없는,"indescribable, inexpressible"
inept,"부적당한, 무능력, 서투른","awkward, clumsy, gauche, incompetent, ungainly"
inert,"둔한, 활발하지 못한","immobile, inactive, nonreactive, unmoving"
inevitable,"피할 수 없는, 부득이한","unavoidable, unstoppable, unalterable"
inexorable,"냉혹한, 굽힐 수 없는","unchangeable, unalterable, unyielding, cruel, merciless, relentless"
infamous,"수치스러운, 악명 높은","notorious, villainous"
ingenious,"재간 있는, 영리한, 정교한","clever, inventive, resourceful"
inherent,"타고난, 고유의, 본래부터의","innate, native"
inhibit,"억제하다, 금하다","hinder, restrain"
innate,"타고난, 고유의, 본질적인","inherent, inborn"
innocuous,"해가 없는, 악의 없는","harmless, inoffensive"
innovate,"혁신하다, 도입하다","introduce, change, revamp, renew"
innovation,"혁신, 쇄신","change, renewal, renovation, originality"
innumerable,"무수한, 엄청난","countless, numberless"
inquisitive,"탐구적인, 꼬치꼬치 캐묻는","curious, interested, prying"
insipid,"무미건조한, 지루한, 풍미가 없는","bland, innocuous, lackluster, uninteresting"
insolvent,"지급 불능의, 파산한","bankrupt, destitute, impoverished, penniless, impecunious"
inspire,"고무하다, 영감을 주다","animate, drive, impel, motivate, prompt"
instigate,"유발시키다, 부추기다","incite, provoke, urge"
insularity,"고립, 편협, 섬나라 근성","isolation, detachment, loneliness"
insuperable,극복하기 어려운,"insurmountable, unbeatable"
integrity,"고결, 성실, 정직, 완전, 통일성","honor, virtue, solidity, intactness"
intensify,"강하게 하다, 증대하다","increase, sharpen, strengthen"
intervene,"사이에 들다, 방해하다","intercede, interrupt, mediate, separate"
intimidate,"겁주다, 협박하다","daunt, deter, frighten, overawe"
intractable,"고치기 어려운, 완고한, 처치하기 힘든","obstinate, stubborn, unyielding"
intrepid,"용기있는, 대담한","brave, bold, fearless"
intricate,"얽힌, 복잡한","complex, involved"
intrinsic,"본질적인, 고유의, 진성의","inborn, indigenous, inherent, innate, natural"
inundate,"물에 잠기게 하다, 쇄도하다","flood, overwhelm"
invert,"거꾸로 하다, 뒤집다","upend, reverse"
irascible,"화를 잘 내는, 성급한","irritable, touchy, short-tempered"
ironic,"반어적인, 비꼬는, 풍자적인","cynical, sarcastic, unanticipated, coincidental"
irrational,"이성을 잃은, 불합리한","unreasonable, absurd"
irrelevant,"부적절한, 관련이 없는","beside the point, extraneous, immaterial, impertinent"
irreproachable,나무랄 데 없는,"blameless, flawless"
isolated,"고립된, 격리된","alone, insulated"
jeopardy,"위험, 위험성","danger, hazard, peril, risk"
jocular,"익살 맞은, 우스꽝스러운","jesting, joking, jolly, merry"
jovial,"명랑한, 즐거운, 유쾌한","exuberant, happy, jolly, merry"
keen,"날카로운, 열심인, 격렬한","cutting, sharp, well-honed, acute, astute, bright, intelligent, shrewd, ardent, intent, observant"
kindle,"불붙이다, 자극하다","ignite, incite, inflame, provoke"
knack,"숙련된 기술, 호흡, 요령","ability, aptitude, gift, penchant, skill, talent, hang, know-how"
labyrinth,"미로, 미궁, 복잡하게 뒤얽힌 사건","maze, tangle, web"
laconic,"간결한, 말수가 적은","brief, concise, terse"
laggard,"느린, 꾸물거리는","late, slow, tardy"
lament,"비탄하다, 후회하다","deplore, grieve, weep"
lampoon,"풍자문, 풍자시","mockery, parody, ridicule, satire"
languish,"기력이 없어지다, 시들다","deteriorate, fade, weaken, suffer"
lassitude,"나른함, 권태","fatigue, laziness, lethargy"
laud,"칭송하다, 찬미하다, 기리다","applaud, glorify, hail, honor, praise"
laudable,"칭찬할 만한, 훌륭한","commendable, excellent, praiseworthy"
lavish,"아낌 없는, 후한, 사치스러운","extravagant, generous, profuse"
lenient,"관대한, 자비로운","easygoing, indulgent, lax, permissive, merciful"
lethargic,"혼수상태의, 졸린, 무기력한","drowsy, indolent, lazy, slow-moving"
lethargy,"무기력, 혼수상태","drowsiness, indolence, laziness, torpor"
levity,"가벼움, 경솔, 변덕","frivolity, humor, lightness"
linger,"남아 있다, 꾸물거리다, 질질 끌다","delay, lay, remain, wait"
listless,"나른한, 마음이 내키지 않는, 무관심한","indifferent, languid, tired, weary"
lithe,"잘 휘는, 유연한","bendable, flexible, supple"
lofty,"매우 높은, 고상한","high, elevated, eminent, towering"
lucid,"명쾌한, 맑은, 빛나는","clear, understandable"
lure,"마음을 끄는 것, 미끼","attraction, enticement"
lurid,"선정적인, 짙은, 무서운","sensational, vivid, terrible, horrible, shocking"
luxuriant,"무성한, 기름진, 다산의","abundant, lush, productive"
malice,"악의, 적의, 원한","animosity, enmity, malevolence"
malicious,"악의 있는, 심술궂은","malevolence, hostile, vicious"
marred,"훼손된, 망쳐진","defaced, disfigured, spoiled, ruined"
meager,"마른, 결핍한","deficient, scanty, inadequate, insufficient"
meander,"굽이쳐 흐르다, 정처 없이 거닐다","wander, ramble, turn , wind"
mercenary,"보수를 목적으로 하는, 용병의, 욕심 많은","avaricious, greedy, venal"
mercurial,"변덕스러운, 경박한","changeable, erratic, mutable, volatile"
merger,"합병, 합동","combination, union, joining"
methodical,"조직적인, 질서정연한","systematic, orderly, painstaking"
meticulous,"꼼꼼한, 작은 일에 신경을 쓰는","painstaking, precise, thorough"
mirth,"즐거운 웃음 소리, 환희, 유쾌한 법석","merriment, jollity, amusement"
misanthrope,"인간을 혐오하는 사람, 염세가","grump, curmudgeon"
miser,"구두쇠, 자린 고비","cheapskate, skinflint, tightwad"
miserly,"인색한, 욕심 많은","cheap, stingy, parsimonious, penny-pinching"
misnomer,"오칭, 오기",misnaming
mitigate,"완화하다, 진정시키다","alleviate, lessen, reduce, relieve, moderate"
modest,"겸손한, 신중한, 정숙한","moderate, decent, humble, small, limited"
mollify,"누그러뜨리다, 달래다","appease, pacify, alleviate, soften, mitigate"
monarch,"군주, 황제","king, queen, ruler"
monotonous,"단조로운, 지루한","boring, tedious, unvarying"
morose,"시무룩한, 침울한, 성미가 까다로운","sad, glum, unhappy, depressed"
mosaic,모자이크,"design, pattern, assemblage"
motive,"동기, 동인, 목적","urge, desire, wish, aim, goal, cause, incitement, inducement"
mundane,"평범한, 현세의, 우주의","ordinary, everyday, usual, unexceptional, plain"
munificent,"인심 좋은, 후한","generous, liberal, bountiful, lavish"
nefarious,"극악한, 불법적인","evil, vile, infamous"
negate,"무효로 하다, 취소하다, 부정하다","nullify, counteract, neutralize, deny"
negligence,"태만, 무관심","neglect, carelessness"
newfangled,"신형의, 최신의","new, fresh, innovative"
nimble,"재빠른, 민첩한","agile, lively, quick, sprightly, spry, adroit, deft"
nonchalant,"태연한, 무관심한","casual, unconcerned, indifferent, cool"
nostalgia,"향수, 옛날을 그리워함",homesickness
notoriety,"악명, 악평","infamy, disrepute"
novel,"신선한, 새로운, 혁신적인","fresh, new, innovative"
novelty,"새로움, 신기함","newness, originality"
novice,"풋내기, 무경험자","beginner, newcomer"
nuance,"뉘앙스, 미묘한 차이","shade, hue, dimension, aspect"
nullify,"무효로 하다, 파기하다, 취소하다","negate, cancel, neutralize"
nurture,"양육하다, 교육하다","encourage, feed, protect, support"
oasis,"오아시스, 휴식처, 피난처","haven, refuge"
obdurate,"완고한, 고집 센, 완강한","hard, tough, resistant, stubborn"
objective (adj),"객관적인, 편견이 없는","impartial, unbiased"
objective (n),"목적, 목표","aim, goal, mission, purpose"
obliterate,"지우다, 말살하다","erase, delete, remove, destroy, annihilate"
oblivion,"망각, 건망","nonexistence, obscurity, forgetfulness"
obscure,"어두운, 눈에 띄지 않는, 불명확한","hidden, unknown, unseen, uncertain, hard to find or detect"
obstinate,"고집 센, 완고한, 끈질긴","stubborn, recalcitrant, unyielding, uncooperative"
odious,"싫은, 혐오스러운","vile, despicable, loathsome, hateful, detestable"
ominous,"불길한, 나쁜 징조의","sinister, foreboding, unfavorable, discouraging"
opacity,"불투명, 통하지 않음","cloudiness, darkness, obscurity, murkiness, turbidity"
opaque,"불투명한, 광택이 없는, 우둔한","cloudy, dark, obscure, unclear"
opposition,"반대, 대립, 적대","antagonism, hostility, resistance"
optimism,"낙천주의, 낙관, 무사태평","confidence, hopefulness"
optimist,낙천주의자,"Pollyanna, Little Mary Sunshine (slang expressions)"
opulence,"풍부, 부유","affluent, wealth"
orator,"연설자, 웅변가","speaker, speechmaker"
ornate,"잘 꾸민, 화려한","elaborate, embellished"
orthodox,"정통의, 정설의, 인습적인","correct, approved, customary, traditional"
ostentatious,"과시하는, 겉보기를 꾸미는, 화려한","grandiose, showy"
pacifist,"평화주의자, 반전론자","conscientious, objector, passive resister"
palatable,"입에 맞는, 기분좋은, 바람직한","appetizing, delectable, luscious, mouth-watering, agreeable"
paltry,"하찮은, 지질한, 무가치한","insignificant, mere, trivial"
paradigm,"보기, 범례, 모범, 패러다임","example, model, pattern, standard"
pariah,"천민, 추방당한 사람, 부랑자","outcast, undesirable"
parody,"모방, 흉내","mockery, satire, spoof, takeoff"
parsimony,"인색, 극도의 절약","stinginess, tight-fistedness"
partisan,"열성적 지지자, 당파심이 강한 사람","backer, defender, supporter"
paucity,"소수, 소량, 결핍","dearth, lack, shortage"
peculiar,"독특한, 기교한, 특별한","characteristic, distinctive, idiosyncratic, unique"
pedestrian (n),"보행자, 도보여행자","walker, hiker"
pedestrian (adj),"저속한, 범속한, 단조로운","everyday, banal, commonplace"
penury,"빈궁, 빈곤, 궁핍","poverty, destitution, indigence"
perfunctory,"형식적인, 마지못한, 피상적인","careless, uninterested, indifferent, superficial"
peripheral,"주위의, 주변의, 말초적인","incidental, marginal, outermost"
pernicious,"유해한, 유독한, 치명적인, 악성의","destructive, harmful, hurtful"
perpetuate,영속시키다,"continue, maintain, preserve, prolong"
pervasive,"퍼지는, 널리 스미는, 스며드는","common, extensive, widespread"
pessimism,"비관, 염세관","gloom, negativity"
phenomena,"현상, 사건","events, happenings, occurrences"
philanthropist,"박애가, 자선가","donor, contributor, supporter, patron, backer"
philanthropy,"박애, 인자, 자선행위","donations, contributions, support, patronage, backing"
piety,"경건, 신앙심, 충성심","devotion, religiosity"
pious,"신앙심 깊은, 경건한, 종교적인","religious, reverent"
pitfall,"함정, 마수, 유혹","hazard, danger, trap"
pithy,"골이 있는, 함축성 있는, 간결한","terse, forceful"
pivotal,"주축의, 중요한","critical, vital, important"
placate,"달래다, 화해하다","appease, pacify, calm"
plausible,"그럴듯한, 정말 같은","reasonable, believable, realistic"
polemical,"논쟁의, 논쟁을 좋아하는","controversial, argumentative"
pomposity,"거만, 건방짐, 과장됨","bombast, self-importance"
pompous,"거만한, 건방진, 호화로운, 성대한","pretentious, stuffy, bombastic"
ponder,"숙고하다, 깊이 생각하다, 신중히 고려하다","contemplate, weigh, evaluate, consider"
ponderous,"대단히 무거운, 묵직한, 지루한","heavy, weighty, massive, unwieldy, lengthy, boring"
pragmatic,"실용적인, 실제적인","practical, realistic, effective"
prattle,"혀짤배기 소리, 실없는 소리","chatter, jabber, rattling"
precarious,"불확실한, 믿을 수 없는, 불안정한","insecure, uncertain, unstable"
preclude,"제외하다, 방해하다, 막다","prevent forestall, block"
precocious,"조숙한, 어른다운","advanced, early, premature"
predator,"약탈자, 육식동물","hunter, killer"
predecessor,"전임자, 선배","ancestor, forefather, foremother"
predicament,"곤경, 궁지","crisis, difficulty, dilemma"
preposterous,"앞뒤가 바뀐, 터무니없는, 어리석은","absurd, ludicrous"
presumptuous,"주제넘은, 뻔뻔한, 건방진","arrogant, brash, brazen, disrespectful, rude"
pretentious,"자부하는, 우쭐하는, 과장된","pompous, showy, ostentatious"
prevalent,"보급된, 널리 행해지는, 유행하는, 유력한","common, widespread, extensive, usual"
prevaricate,"얼버무려 넘기다, 발뺌하다, 거짓말하다","evade, misstate, mislead, lie"
primeval,"초기의, 원시의, 태고의","prehistoric, primitive"
proclaim,"포고하다, 선포하다, 성명하다","announce, broadcast, declare"
prodigal,"낭비하는, 방탕한, 아낌없이 주는","extravagant, profligate, wasteful, lavish"
prodigious,"거대한, 막대한, 비범한, 이상한","abnormal, excessive, monstrous, prodigious, wonderful, amazing"
profane,"모독적인, 불경스런, 이교적인","irreverent, vulgar, secular"
profanity,"신성모독, 불손한 언동","vulgarity, obscenity, swearing"
profligate,"방탕한, 품행이 나쁜, 낭비가 심한","dissipated, extravagant, immoral, prodigal, wild"
profound,"깊은, 밑바닥이 깊은, 뿌리깊은","deep, penetrating"
profuse,"아낌없는, 사치스러운, 풍부한","abundant, copious, excessive, extravagant, lavish"
profusion,"대량, 풍부, 낭비, 사치","abundance, proliferation, extravagance, outpouring"
progressive,"전진하는, 진보의, 누진적","liberal, incremental"
proliferate,"증식하다, 급격히 늘다","increase, multiply, reproduce, spread"
proliferation,증식,"increase, multiplication, reproduction, spread"
prolific,"아이를 낳는, 열매를 맺는, 풍부한","abundant, fruitful, productive"
prolong,"늘이다, 연장하다, 연기하다","extend, lengthen, protract"
propriety,"타당, 적당, 예의바름, 교양","correctness, decency, modesty, rightness"
prosaic,"평범한, 단조로운, 지루한","boring, commonplace, everyday, ordinary, plain, unexceptional"
prose,"산문, 단조로운, 이야기","essay, story"
prosperous,"번영하는, 성공한, 부유한","successful, wealthy"
protrude,불쑥 튀어나오다,"bulge, project, swell"
provincial,"지방의, 시골의, 옹졸한","rural, rustic, unsophisticated, narrow"
provocative,"성나게 하는, 도발적인, 자극적인","irritating, stimulating"
proximity,"근접, 가까움","closeness, nearness"
prudent,"신중한, 세심한, 총명한","careful, cautions, discreet"
prudish,"엄격한, 케케묵은","strict, straight-laced, stuffy"
pushover,"식은 죽 먹기, 약한 상대","breeze, cinch, snap, cakewalk"
quagmire,"곤경, 진구렁","predicament, trap"
qualified,"자격있는, 제한된, 조건부의","able, competent, restricted, conditional"
qualify,"자격을 주다, 제한하다","enable, prepare, limit, modify, restrict"
quandary,"곤혹, 당혹, 곤경","dilemma, impasse, problem, puzzle"
quell,"억누르다, 소멸시키다","subdue, suppress, extinguish"
querulous,"불평을 하는, 성을 잘 내는","discontented, peevish, petulant, testy"
quiescent,"정지한, 무활동의, 침묵의","inactive, motionless, quiet, still"
ramble,두서없이 이야기하다,"digress, stray, wander"
rancor,"깊은 원한, 적의","resentment, bitterness"
rant,"폭언하다, 고함치다","berate, declaim, rave"
ratify,"비준하다, 실증하다","affirm, approve, endorse, validate"
raucous,"무질서하고 소란한, 쉰 목소리의","loud, noisy, rough, unruly"
ravenous,"탐욕스러운, 몹시 굶주린","greedy, voracious"
raze,"지우다, 없애다, 무너뜨리다","demolish, destroy, level"
rebuff,"거절하다, 저지하다","reject, snub, spurn"
rebuttal,"항변, 반증","rejoinder, refutation"
recalcitrant,"반항하는, 다루기 어려운, 고집센","resistant, stubborn"
recant,"바꾸다, 철회/취소하다","disavow, retract, withdraw"
recluse,은둔자,hermit
recount,"자세히 이야기 하다, 하나하나 열거하다","relate, report, tell"
rectify,"개정하다, 교정하다, 고치다","amend, correct, fix, repair"
redundant,"여분의, 과다한, 중복되는","repetitious, superfluous, surplus"
reform,"개혁하다, 교정하다","amend, correct, rectify, repair, restore"
refute,"논박하다, 이의를 제기하다","disprove, rebut"
rejuvenate,"도로 젊어지게 하다, 활기를 띠게 하다","regenerate, revive"
relegate,"추방하다, 지위를 떨어뜨리다, 이관하다","assign, banish, commit, consign"
relevant,"관련된, 적절한","applicable, appropriate, fitting, pertinent, suitable"
relieve,"경감하다, 안도케 하다","alleviate, ease, reduce, release"
remission,"용서, 완화, 진정","lessening, reduction, relaxation"
remorse,"후회, 양심의 가책","compunction, contrition, regret"
remote,"먼, 외딴, 관계가 적은","apart, distant, faraway, unconcerned, uninvolved"
renounce,"포기하다, 단념하다, 부인하다","abandon, disavow, disclaim, disown, repudiate"
repel,"격퇴하다, 반박하다, 저항하다","oppose, rebuff, repulse"
replete,"가득 찬, 충분한","filled, full, packed, stuffed"
repletion,"충만, 포식, 만복","fullness, oversupply, satiation"
reprehensible,"비난할 만한, 괘씸한","blameworthy, culpable"
repress,"억누르다, 진압하다","check, control, suppress"
reprimand (v),"견책하다, 호되게 꾸짖다","censure, rebuke"
reprimand (n),"견책, 징계, 비난, 질책","condemnation, reproof"
reproach (v),"비난하다, 나무라다, 꾸짖다","blame, condemn, criticize, upbraid"
reproach (n),"비난, 질책, 치욕","reproof, rebuke"
reprove,"꾸짖다, 훈계하다","censure, correct, criticize"
repudiate,"거부하다, 부인하다","disavow, reject, renounce"
repugnant,"비위에 거슬리는, 반대의, 모순된","distasteful, disgusting, offensive"
repulse,"격퇴하다, 논박하다","rebuff, repel"
rescind,"폐지하다, 무효로 하다, 취소하다","annul, invalidate, revoke, repeal, retract"
reserve,"떼어두다, 비축하다","hold, keep, store"
reserved,"보류된, 수줍어하는, 말없는","cold, distant, withdraw"
residual,"나머지의, 잔류의","extra, leftover, remaining, surplus"
resignation,"사직, 단념, 묵인, 인내","abdication, acceptance, acquiescence, patience"
resigned,"체념한, 복종하고 있는","acquiescent, submissive"
resolute,"결연한, 단호한","determined, firm, steadfast, unshakeable, unwavering"
resolution,"결심, 확고한 정신, 결의안","determination, fortitude, strength"
resolve (v),"결심하다, 결정하다","decide, determine"
resolve (n),"결심, 결의","commitment, dedication, determination"
resourceful,"꾀바른, 기량이 풍부한","able, adaptable, imaginative, inventive"
respite,"일시적인 중단, 연기, 유예","hiatus, recess, pause, postponement"
resplendent,"반짝반짝 빛나는, 눈부신","dazzling, magnificent, splendid"
responsive,"대답하는, 감응하기 쉬운","receptive, sensitive, understanding, helpful"
restraint,"제지, 속박, 자제","check, curb, stop, limitation, restriction"
retaliation,"보복, 앙갚음","reprisal, punishment"
reticence,"과묵, (입을)조심함","reserve, self-control, silence, taciturnity"
reticent,"과묵한, 삼가는, 억제된","reserved, self-controlled, silent, taciturn"
retract,"끌어넣다, 취소/철회하다","withdraw, deny, disavow"
revelation,"폭로, 누설, 발각","disclosure, divulgence, exposure"
reverent,"경건한, 공손한","devout, pious"
revere,"존경하다, 숭배하다","respect, honor"
revive,"소생하게 하다, 부흥시키다","reactivate, refresh, revitalize"
rhetorical,"수사적인, 화려한, 과장적인",verbal
rigidity,"견고함, 완고함","stiffness, firmness, inflexibility"
rigor,"엄격함, 가옥함","inflexibility, strictness"
rigorous,"엄격한, 혹독한","inflexible, strict, hard, scrupulous, severe"
robust,"튼튼한, 강건한, 난폭한","strong, powerful, healthy, hardy"
rotund,"둥근, 토실토실 살찐","fat, round, plump, portly, stout"
ruffle,"물결을 일으키다, 주름살이 지게하다","aggravate, annoy, bother, disturb, perturb, unsettle"
rupture,"파열, 파괴, 불화","breakage, fracture, rip"
saccharine,"당질의, 달콤한, 감상적인","cloying, sugary, sweet"
sage,"현명한, 경험이 많은","judicious, wise"
salutary,"유익한, 이로운","healthful, salubrious, wholesome"
sanction,"재가, 인가, 제재","approval, permission"
satirical,"풍자적인, 잘 비꼬는","biting, cutting, sardonic, taunting"
saturate,"삼투시키다, 포화시키다","imbue, fill, soak"
savor,맛 보다,"excite, interest, relish, taste, enjoy"
savory,"풍미좋은, 맛좋은, 향기좋은","attractive, delicious, enjoyable, luscious, pleasant"
scale,"비늘을 벗기다, 껍질을 까다","pare, peel, skin, strip"
scanty,"부족한, 얼마 안되는, 불충분한","inadequate, meager, sparse, thin"
scrupulous,"빈틈없는, 면밀한, 양심적인","careful, conscientious, detail-oriented, painstaking"
scrutinize,"자세히 조사하다, 음미하다","analyze, check, examine"
seclusion,"격리, 은퇴, 은둔","solitude, privacy"
sedentary,"앉은 채 있는, 정주하는","stationary, seated, sitting"
serene,"고요한, 침착한, 맑게 갠","calm, compose, peaceful, placid, undisturbed, unruffled"
servile,"노예의, 비굴한, 자주성이 없는","menial, slavish, subservient"
severe,"엄한, 가혹한, 맹렬한","harsh, extreme, intense"
shrine,"성체용기, 성당, 사당",temple
sinister,"불길한, 재난의, 못된","dire, frightening, grim, menacing"
skeptic,"회의론자, 무신론자",doubter
skeptical,"의심 많은, 회의적인","doubting, critical, unbelieving"
slander,"중상, 명예훼손","calumny, defamation"
slight (adj),"약간의, 근소한","insignificant, nominal, trivial"
slight (n),"경멸, 모욕, 냉대",snub
sluggard,"게으름쟁이, 나태자","idler, drone, lazybones (slang)"
sluggish,"게으름, 굼뜬, 부진한","slow, slack, indolent"
sobriety,"절제, 냉엄, 침착","temperance, moderation, solemnity, seriousness"
solemn,"엄숙한, 근엄한","grave, humorless, solemn"
solicit,"간청하다, 구하다","ask, seek, entreat"
solitary,"고독한, 외딴","alone, isolated"
somber,"어두침침한, 칙칙한, 우울한","depressed, gloomy, glum, sad"
soothe,"달래다, 위로하다, 완화시키다","alleviate, ease, relieve"
soporific,"최면성의, 졸린","drowsy, sleepy, sleep-inducing"
spacious,"넓은, 광범위한","big, capacious, roomy, voluminous"
splinter (n),"(나무, 대나무 따위의) 가시, 파편","fragment, shard"
splinter (v),"쪼개지다, 산산조각이 되다","fragment, shatter"
spontaneous,"자발의, 임의의, 자연의","impulsive, involuntary, unbidden, unplanned, sudden"
sporadic,"산발적인, 드물게 발생하는","intermittent, occasional"
spurious,"가짜의, 위조의, 그럴듯한","counterfeit, fake, false, fraudulent, phony"
spurn,"퇴짜 놓다, 경멸하다","refuse, reject"
squander,"낭비하다, 헛되이 쓰다, 탕진하다","misspend, waste"
stagnant,"정체된, 썩은","sluggish, stale, unchanging"
stagnation,"침체, 불황",inactivity
stalemate,"수의 막힘, 교착상태","deadlock, draw, impasse, standoff, standstill"
stanza,(시의) 연,"strophe, verse"
static (adj),정적인,"fixed, stationary, unmoving"
static (n),"공전, 잡음","interference, noise"
steadfast,"확고 부동한, 고정된","faithful, firm, loyal, steady, unwavering"
stilts,"지주, 대말, 죽마","pillars, poles, posts"
stoic,"절제하는, 냉정한",impassive
stolid,"둔감한, 신경이 무딘","impassive, unemotional"
stratagem,"전략, 책략, 모략","plan, ruse, scheme, trick"
stratum,"층, 지층, 계급","layer, level, tier"
strident,"귀에 거슬리는, 삐걱거리는","loud, noisy, raucous, shrill"
stringent,"엄격한, 엄중한, 설득력 있는","inflexible, restrictive, rigid, strict"
strut,"뽐내며 걷다, 과시하다",swagger
stupefy,"마취시키다, 망연케 하다","astonish, astound, overwhelm, stun"
stupor,"무감각, 인사불성","apathy, daze, insensibility"
stymie,"방해하다, 좌절시키다","block, hinder"
subjugate,"정복하다, 복종시키다","conquer, enslave"
submissive,"순종하는, 온순한","compliant, obedient, subservient, tame"
subordinate,"하위의, 아래의","inferior, lower-ranking, secondary"
subside,"침전하다, 꺼지다, 주저앉다","diminish, drop, ebb, lessen, sink, wane"
substantiate,"실증하다, 입증하다","confirm, verify"
subtle,"미묘한, 난해한","delicate, faint, slight"
succinct,"간결한, 간명한","brief, concise, short, terse"
sullen,"무뚝뚝한, 실쭉한","dismal, gloomy, ill-tempered, irritated, morose"
summons,"소환, 호출","call, command, demand, order"
supercilious,"거만한, 거드름 피우는","arrogant, contemptuous, haughty"
superficial,"표면의, 피상적인","apparent, external, obvious, outward, shallow, minor"
superfluity,"여분, 과다","excess, overabundance, superabundance"
superfluous,"남는, 여분의, 불필요한","extra, excess, redundant"
superlative,"최상의, 과도한","best, excellent"
supplant,"밀어내다, 대신 들어앉다","remove, replace, succeed"
suppress,"억압하다, 진압하다","curtail, inhibit, subdue"
surfeit (n),"과다, 과식, 과음","excess, overabundance, oversupply"
surfeit (v),"과식하다, 과음하다","glut, satiate"
surmise,"추측, 짐작","conclusion, deduction, extrapolation, inference"
surpass,"능가하다, 초월하다","exceed, excel, outdo"
surreptitious,"내밀의, 은밀한","concealed, furtive, hidden, secret"
susceptible,"다감한, 민감한, 할 수 있는","vulnerable, weak"
sustain,"떠받치다, 부양하다","bear, hold, support"
swagger,"활보하다, 으스대다",strut
swell,"부풀다, 솟아오르다","expand, grow, inflate"
swindler,사기꾼,crook. Fraud
sycophant,"알랑쇠, 아첨꾼","flatterer, toady"
symbolism,"상징, 부호체계",representation
sympathy,"동정, 동감, 교감","compassion, commiseration"
synchronize,"같은 시간으로 맞추다, 동시에 발생하다","agree, coincide"
synopsis,"개관, 개요","abstract, condensation, summary"
table,연기하다,"defer, delay, postpone, shelve"
taciturn,"말없는, 입이 무거운","reticent, silent"
tailor,"짓다, 손질하다","adapt, adjust, modify"
tangent,"탈선, 여담","aside, digression"
tangential,"규준에서 벗어난, 이탈한","digressive, parenthetical"
tangible,"실체적인, 확실한, 명백한","palpable, real, definite"
tantamount,"동등한, 상당하는","equal, equivalent"
tardy,"느린, 완만한, 더딘","belated, dilatory, late, slack"
tedious,"지루한, 장황한","boring, tiresome"
temper (n),"기질, 기분, 평정","mood, personality, disposition"
temper (v),"진정시키다, 조화시키다","mitigate, moderate, soften"
temperate,"온화한, 절제하는","moderate, restrained"
tenacious,"완강한, 집요한","firm, obstinate, persistent, retentive, stubborn, tight"
tenacity,"고집, 끈기, 집요","firmness, obstinacy, persistence"
tentative,"시험적인, 임시의, 모호한","proposed, provisional, temporary"
terrestrial,"지구상의, 지상의","earthly, mundane, worldly"
terse,"간결한, 간명한","brief, concise"
theoretical,"이론상, 이론적으로","abstract, conjectural, ideal"
threadbare,"초라한, 오래 입은, 낡은","shabby, used, worn"
thrive,"번창하다, 번영하다","boom, burgeon, flourish, prosper"
tightfisted,"인색한, 검소한","parsimonious, stingy, ungenerous"
tirade,"장광설, 격론","diatribe, harangue"
tonic,강장제,"stimulant, pickup"
torpor,"마비, 무감각, 휴면","apathy, inactivity, inertia, lethargy"
torso,"몸통, 미완성 작품",trunk
tragic,"비극의, 비통한","dreadful, melancholy, mournful, sad"
trait,"특색, 특성","attribute, characteristic, property"
tranquil,"조용한, 평온한","calm, peaceful, quiet"
tranquility,"고요함, 평온함","calmness, quiet, serenity"
transcribe,"복사하다, 번역하다, 문자화하다","copy, record, reproduce"
transient,"일시적인, 무상한","brief, evanescent, fleeting, impermanent, short-lived, temporary, transitory"
transplant,"투명한, 명료한","clear, limpid"
treachery,"배반, 반역","betrayal, disloyalty, perfidy"
trepidation,"공포, 전율","agitation, alarm, fear, fright"
trespass,"침해하다, 죄를 짓다","offend, sin, transgress, violate"
trifling,"하찮은, 시시한","insignificant, worthless"
trite,"흔해빠진, 진부한","commonplace, ordinary, overused, stale"
trivial,"하찮은, 사소한","insignificant, unimportant, worthless"
troupe,"일단, 한 패","band, company, group"
truncate,"꼭대기를 자르다, 끊다","abbreviate, cut, shorten"
tumor,"종기, 종양","cancer, cyst"
turbulence,"교란, 소란, 난류","commotion, disorder, instability, unrest"
turbulent,"몹시 거친, 난폭한","disordered, tumultuous, unstable"
turmoil,"소란, 소동, 혼란","agitation, commotion, disorder, disturbance, tumult, unrest"
turpitude,"간악, 비열, 배덕","depravity, vice"
uncouth,"거친, 난폭한, 황량한","discourteous, impolite, rude"
undermine,"토대를 침식하다, 서서히 해치다","injure, undercut, weaken"
uniform,"한결같은, 균일한","alike, homogeneous, identical, regular, same, unvarying"
uniformity,"한결같음, 획일, 단조","homogeneity, regularity, sameness"
unilateral,"일방의, 단독적인",one-sided
unkempt,"난잡한, 세련되지 못한","disheveled, ill-groomed, messy, untidy"
unprecedented,"전례가 없는, 새로운","unique, extraordinary"
unruly,"감당할 수 없는, 제멋대로 구는","disobedient, disorderly"
unsung,"찬미되지 않는, 무명의","obscure, uncelebrated, unknown, unpublicized"
unwarranted,"보증되지 않은, 공인되지 않은","baseless, groundless, unjustified"
uphold,"떠받치다, 들어올리다","defend, support"
uproar,"소란, 소동, 소음","clamor, racket, tumult, turmoil"
usurp,"빼앗다, 찬탈하다","grab, seize, steal, supplant"
utilize,"활용하다, 이용하다","employ, use"
utter (v),"발언하다, 털어놓다","say, speak, voice"
utter (adj),"전적인, 완전한","complete, total"
vacillate,"망설이다, 흔들거리다","fluctuate, hesitate, oscillate, waffle, waver"
vague,"어렴풋한, 막연한","imprecise, indistinct, uncertain, unclear"
valid,"근거가 확실한, 정당한","authoritative, just, sound"
vaporize,"증발시키다, 희박하게 하다","boil, evaporate"
variable (adj),"가변적인, 변덕스러운","changeable, inconstant, volatile"
variable (n),"변화하기 쉬운 것, 변수",a changeable value or quantity
variegated,"잡색의, 고르지 못한","diversified, diverse"
vehement,"격렬한, 열심인","earnest, fervent, passionate"
venerate,"존경하다, 받들어 모시다","honor, revere"
vent (v),"구멍을 내다, 배출하다","expel, release"
vent (n),"구멍, 배출구, 표출","duct, escape, exit, opening"
verbose,"말이 많은, 장황한","prolix, wordy"
verify,"입증하다, 확인하다","ascertain, authenticate, check, validate"
vertical,"수직의, 곧추선","perpendicular, upright"
vestige,"자취, 흔적","hint, suggestion, trace"
viable,"시행 가능한, 실용적인","feasible, practical"
vigor,"활기, 체력","force, intensity, strength, vitality"
vilify,"비방하다, 헐뜯다","defame, insult, slander"
vindicate,"입증하다, 옹호하다, 지키다","exonerate, justify"
vindictive,"원한을 품은, 보복의","spiteful, unforgiving, vengeful"
virtuoso (adj),"대가의, 거장의","brilliant, consummate, masterly, skilled"
virtuoso (n),"예술의 거장, 대가",expert
virtuous,"덕 있는, 고결한, 정숙한","principled, upright"
virulent,"유독한, 악의가 있는","infectious, infective, noxious, poisonous, bitter, hateful, hostile, malignant, venomous"
vital,"생기가 넘치는, 지극히 중요한, 치명적인","energetic, strong, vigorous, critical, essential, necessary"
vitality,"생명력, 활력","energy, exuberance, force, power, strength, vigor"
vivid,"생생한, 선명한","bright, colorful, intense"
vociferous,"소란한, 시끄러운","boisterous, loud, noisy"
void (adj),"빈, 공허한, 무효의","devoid, empty, unoccupied, vacant, ineffective, inoperative, useless"
void (n),"공허, 진공, 공간","cavity, vacuum"
volatile,"휘발성의, 변덕스러운","fleeting, transient, unstable"
volition,"의지, 결단력","choice, will"
voluble,"수다스러운, 유창한","fluent, glib, loquacious, talkative"
voluminous,"다작의, 방대한, 부피가 큰","ample, big, extensive"
voluntary,"자발적인, 고의의","deliberate, intended"
vulgarian,"속물, 속인","barbarian, churl"
vulnerable,"상처입기 쉬운, 약한","defenseless, susceptible, weak"
wake,"항적, 배 떠나간 자국, 지나간 자국","path, trail"
warm,"따뜻한, 다정한, 더운","enthusiastic, heated, hot"
wary,"경계하는, 주의 깊은","careful, cautious, prudent"
wayward,"제멋대로 하는, 고집 센, 변덕스러운","errant, unpredictable, willful"
weary (adj),"피로한, 지쳐있는, 따분한, 실증 나는","drained, exhausted, fatigued, overworked, tired"
weary (v),"지치게 하다, 싫증나게 하다","annoy, tire"
weight,"무게, 중요성, 비중","heaviness, mass, importance, significance"
well-founded,충분한 근거가 있는,"reasonable, sound, substantiated"
whim,"변덕, 일시적 생각","caprice, fancy, impulse"
whimsical,"마음이 잘 변하는, 별난","fanciful, funny, playful"
widespread,"널리 보급된, 만연된","broad, common, extensive, general, large, popular, sweeping, wide-ranging"
willful,"계획적인, 외고집의","capricious, obstinate, stubborn"
wince,"주춤하다, 움츠리다","cringe, recoil, shrink"
zany,어릿광대 같은,"comical, funny"
zealous,"열심인, 열광적인","ardent, enthusiastic"